country,area_code,area_name,population,population_year,adult_population,adult_population_year,burden_adult_population,burden_population_year,hospital_count,hospital_per_100k,primary_care_count,primary_care_per_100k,pharmacy_count,pharmacy_per_100k,pharmacy_sunday_open_pct,pharmacy_median_weekly_hours,hospital_emergency_pct,primary_care_median_weekly_hours,hpsa_designation_count,hpsa_fte_shortage,hpsa_score_median
UK,E12000001,North East,2760678,2024,,,,,61,2.21,389,14.09,553,20.03,16.6,46.25,,,,,
UK,E12000002,North West,7737414,2024,,,,,203,2.62,1366,17.65,1569,20.28,17.3,47.5,,,,,
UK,E12000003,Yorkshire and the Humber,5672962,2024,,,,,131,2.31,801,14.12,1112,19.6,15.2,47.5,,,,,
UK,E12000004,East Midlands,5063164,2024,,,,,120,2.37,699,13.81,864,17.06,15.9,47.5,,,,,
UK,E12000005,West Midlands,6187204,2024,,,,,165,2.67,962,15.55,1166,18.85,17.2,49.0,,,,,
UK,E12000006,East of England,6576306,2024,,,,,143,2.17,908,13.81,1035,15.74,19.6,50.0,,,,,
UK,E12000007,London,9089736,2024,,,,,180,1.98,2269,24.96,1724,18.97,18.0,53.5,,,,,
UK,E12000008,South East,9642942,2024,,,,,229,2.37,1372,14.23,1454,15.08,17.5,49.0,,,,,
UK,E12000009,South West,5889695,2024,,,,,183,3.11,768,13.04,918,15.59,16.9,48.0,,,,,
USA,AK,Alaska,737270,2025,565570,2025,559568,2023,25,3.39,215,29.16,162,21.97,,,96.0,40.0,330.0,51.795899999999996,10.0
USA,AL,Alabama,5193088,2025,4075161,2025,4001214,2023,100,1.93,212,4.08,1648,31.73,,,91.0,40.0,109.0,245.6792,16.0
USA,AR,Arkansas,3114791,2025,2416023,2025,2366561,2023,91,2.92,266,8.54,1008,32.36,,,90.1,40.0,150.0,187.9418,16.0
USA,AZ,Arizona,7623818,2025,6026503,2025,5836953,2023,107,1.4,265,3.48,1468,19.26,,,69.2,45.0,228.0,468.8306,17.0
USA,CA,California,39355309,2025,31180511,2025,30779385,2023,378,0.96,2745,6.97,7818,19.87,,,75.4,40.0,560.0,519.1104,16.0
USA,CO,Colorado,6012561,2025,4792358,2025,4681575,2023,97,1.61,267,4.44,1101,18.31,,,90.7,40.0,120.0,130.7182,16.0
USA,CT,Connecticut,3688496,2025,2970201,2025,2917341,2023,36,0.98,460,12.47,954,25.86,,,75.0,37.5,41.0,102.7552,17.0
USA,DC,District of Columbia,693645,2025,569575,2025,559102,2023,10,1.44,78,11.24,183,26.38,,,70.0,40.0,12.0,95.3644,21.5
USA,DE,Delaware,1059952,2025,849963,2025,824361,2023,13,1.23,13,1.23,254,23.96,,,69.2,44.0,12.0,97.6968,10.0
USA,FL,Florida,23462518,2025,19019796,2025,18486427,2023,221,0.94,729,3.11,6861,29.24,,,83.3,40.0,229.0,482.7085,16.0
USA,GA,Georgia,11302748,2025,8796778,2025,8546142,2023,149,1.32,443,3.92,2812,24.88,,,69.1,40.0,188.0,318.0316,19.0
USA,HI,Hawaii,1432820,2025,1151103,2025,1146697,2023,24,1.68,116,8.1,266,18.56,,,87.5,40.0,33.0,42.805,11.0
USA,IA,Iowa,3238387,2025,2518739,2025,2485208,2023,118,3.64,118,3.64,870,26.87,,,95.8,40.0,162.0,128.5897,14.0
USA,ID,Idaho,2029733,2025,1557631,2025,1496794,2023,48,2.36,236,11.63,482,23.75,,,83.3,40.0,104.0,91.541,14.0
USA,IL,Illinois,12719141,2025,10100540,2025,9955614,2023,194,1.53,517,4.06,2763,21.72,,,90.2,40.0,296.0,531.506,16.0
USA,IN,Indiana,6973333,2025,5397168,2025,5294515,2023,151,2.17,479,6.87,1320,18.93,,,77.5,40.0,139.0,298.378,15.0
USA,KS,Kansas,2977220,2025,2294452,2025,2255979,2023,138,4.64,166,5.58,793,26.64,,,84.8,40.0,156.0,118.4361,14.0
USA,KY,Kentucky,4606864,2025,3590081,2025,3528649,2023,103,2.24,640,13.89,1506,32.69,,,91.3,42.5,245.0,336.6263,18.0
USA,LA,Louisiana,4618189,2025,3568234,2025,3534124,2023,161,3.49,526,11.39,1674,36.25,,,60.9,40.0,178.0,165.2822,15.0
USA,MA,Massachusetts,7154084,2025,5826510,2025,5735089,2023,84,1.17,266,3.72,1401,19.58,,,71.4,40.0,64.0,66.75450000000001,14.0
USA,MD,Maryland,6265347,2025,4928480,2025,4855522,2023,56,0.89,165,2.63,1716,27.39,,,76.8,40.0,56.0,293.5718,17.0
USA,ME,Maine,1414874,2025,1170629,2025,1152820,2023,36,2.54,178,12.58,439,31.03,,,88.9,37.0,80.0,25.2453,12.0
USA,MI,Michigan,10127884,2025,8065114,2025,7962855,2023,148,1.46,466,4.6,3543,34.98,,,80.4,40.0,274.0,376.6205,15.0
USA,MN,Minnesota,5830405,2025,4547092,2025,4457512,2023,136,2.33,96,1.65,1306,22.4,,,86.0,40.0,199.0,206.9312,14.0
USA,MO,Missouri,6270541,2025,4910413,2025,4833516,2023,121,1.93,469,7.48,1630,25.99,,,87.6,40.0,340.0,481.9698,17.0
USA,MS,Mississippi,2954160,2025,2295720,2025,2271071,2023,108,3.66,322,10.9,1019,34.49,,,84.3,40.0,153.0,288.083,20.0
USA,MT,Montana,1144694,2025,913041,2025,894792,2023,63,5.5,135,11.79,345,30.14,,,95.2,40.0,122.0,47.0148,16.0
USA,NC,North Carolina,11197968,2025,8838026,2025,8535006,2023,120,1.07,773,6.9,3266,29.17,,,87.5,40.0,208.0,461.2088,16.0
USA,ND,North Dakota,799358,2025,616388,2025,604308,2023,47,5.88,32,4.0,195,24.39,,,95.7,33.0,72.0,17.665,15.0
USA,NE,Nebraska,2018006,2025,1538757,2025,1506637,2023,93,4.61,86,4.26,580,28.74,,,90.3,34.0,125.0,34.083600000000004,13.0
USA,NH,New Hampshire,1415342,2025,1170277,2025,1151023,2023,28,1.98,71,5.02,322,22.75,,,92.9,36.0,23.0,8.9921,12.0
USA,NJ,New Jersey,9548215,2025,7557289,2025,7400695,2023,79,0.83,154,1.61,2943,30.82,,,72.2,44.5,45.0,41.18,8.0
USA,NM,New Mexico,2125498,2025,1686046,2025,1664386,2023,45,2.12,244,11.48,411,19.34,,,84.4,40.0,103.0,231.8295,19.0
USA,NV,Nevada,3282188,2025,2603663,2025,2521158,2023,46,1.4,73,2.22,645,19.65,,,80.4,40.0,65.0,124.25030000000001,16.0
USA,NY,New York,20002427,2025,16097036,2025,15857375,2023,191,0.95,834,4.17,7686,38.43,,,82.7,40.5,193.0,992.0482,16.0
USA,OH,Ohio,11900510,2025,9368603,2025,9248624,2023,196,1.65,622,5.23,2765,23.23,,,70.9,40.0,207.0,532.0384,16.0
USA,OK,Oklahoma,4123288,2025,3165587,2025,3099318,2023,135,3.27,201,4.87,1177,28.55,,,88.9,40.0,189.0,298.9184,17.0
USA,OR,Oregon,4273586,2025,3461772,2025,3418553,2023,62,1.45,306,7.16,839,19.63,,,93.5,40.0,142.0,217.2644,15.0
USA,PA,Pennsylvania,13059432,2025,10488801,2025,10402676,2023,187,1.43,455,3.48,3606,27.61,,,79.1,42.5,130.0,92.2465,12.0
USA,RI,Rhode Island,1114521,2025,916867,2025,899344,2023,13,1.17,63,5.65,289,25.93,,,92.3,42.5,14.0,10.0879,15.0
USA,SC,South Carolina,5570274,2025,4421834,2025,4250103,2023,66,1.18,307,5.51,1342,24.09,,,83.3,40.0,99.0,151.7058,15.0
USA,SD,South Dakota,935094,2025,714952,2025,696877,2023,61,6.52,41,4.38,230,24.6,,,88.5,43.0,97.0,48.3999,15.0
USA,TN,Tennessee,7315076,2025,5739349,2025,5589632,2023,122,1.67,234,3.2,1929,26.37,,,80.3,40.0,151.0,305.9196,16.0
USA,TX,Texas,31709821,2025,24109307,2025,23183342,2023,468,1.48,764,2.41,7525,23.73,,,83.1,43.0,394.0,1072.0436,16.0
USA,UT,Utah,3538904,2025,2616637,2025,2509516,2023,52,1.47,58,1.64,681,19.24,,,92.3,44.0,61.0,79.4488,13.0
USA,VA,Virginia,8880107,2025,7019802,2025,6862167,2023,96,1.08,219,2.47,1883,21.2,,,87.5,42.05,160.0,261.7446,16.0
USA,VT,Vermont,644663,2025,535049,2025,533957,2023,17,2.64,99,15.36,181,28.08,,,88.2,42.75,16.0,2.385,8.0
USA,WA,Washington,8001020,2025,6366184,2025,6193599,2023,100,1.25,447,5.59,1618,20.22,,,90.0,40.0,219.0,564.3532,15.0
USA,WI,Wisconsin,5972787,2025,4750680,2025,4681978,2023,141,2.36,301,5.04,1328,22.23,,,89.4,16.0,156.0,119.4188,14.0
USA,WV,West Virginia,1766147,2025,1421798,2025,1418731,2023,55,3.11,516,29.22,701,39.69,,,89.1,40.0,123.0,147.4577,18.0
USA,WY,Wyoming,588753,2025,461419,2025,453530,2023,30,5.1,27,4.59,168,28.53,,,83.3,40.0,43.0,26.9525,16.0
