country,area_code,metric_key,year,forecast_value,lower,upper,model_name,observations,training_start_year,training_end_year,slope_per_year,r_squared,backtest_mae,backtest_smape_pct,quality
UK,E12000001,asthma,2025,7.56,7.5,7.63,Recent-window ordinary least squares,5,2020,2024,0.092,0.976,0.05,0.68,Moderate recent linear fit
UK,E12000001,asthma,2026,7.66,7.56,7.75,Recent-window ordinary least squares,5,2020,2024,0.092,0.976,0.05,0.68,Moderate recent linear fit
UK,E12000001,cancer,2025,4.24,4.18,4.31,Recent-window ordinary least squares,6,2019,2024,0.155,0.985,0.049,1.38,Stronger recent linear fit
UK,E12000001,cancer,2026,4.4,4.31,4.49,Recent-window ordinary least squares,6,2019,2024,0.155,0.985,0.049,1.38,Stronger recent linear fit
UK,E12000001,chd,2025,3.73,3.7,3.75,Recent-window ordinary least squares,6,2019,2024,-0.054,0.978,0.021,0.52,Stronger recent linear fit
UK,E12000001,chd,2026,3.67,3.64,3.71,Recent-window ordinary least squares,6,2019,2024,-0.054,0.978,0.021,0.52,Stronger recent linear fit
UK,E12000001,copd,2025,2.81,2.74,2.88,Recent-window ordinary least squares,6,2019,2024,-0.025,0.586,0.055,1.89,Moderate recent linear fit
UK,E12000001,copd,2026,2.78,2.68,2.88,Recent-window ordinary least squares,6,2019,2024,-0.025,0.586,0.055,1.89,Moderate recent linear fit
UK,E12000001,depression,2025,16.9,16.56,17.25,Recent-window ordinary least squares,6,2018,2024,0.673,0.99,0.267,2.03,Stronger recent linear fit
UK,E12000001,depression,2026,17.58,17.09,18.06,Recent-window ordinary least squares,6,2018,2024,0.673,0.99,0.267,2.03,Stronger recent linear fit
UK,E12000001,diabetes,2025,9.06,8.97,9.15,Recent-window ordinary least squares,6,2019,2024,0.252,0.979,0.069,0.86,Stronger recent linear fit
UK,E12000001,diabetes,2026,9.31,9.19,9.44,Recent-window ordinary least squares,6,2019,2024,0.252,0.979,0.069,0.86,Stronger recent linear fit
UK,E12000001,hypertension,2025,17.91,17.58,18.23,Recent-window ordinary least squares,6,2019,2024,0.384,0.872,0.239,1.44,Stronger recent linear fit
UK,E12000001,hypertension,2026,18.29,17.84,18.75,Recent-window ordinary least squares,6,2019,2024,0.384,0.872,0.239,1.44,Stronger recent linear fit
UK,E12000002,asthma,2025,7.1,7.06,7.14,Recent-window ordinary least squares,5,2020,2024,0.008,0.433,0.034,0.47,Moderate recent linear fit
UK,E12000002,asthma,2026,7.11,7.05,7.17,Recent-window ordinary least squares,5,2020,2024,0.008,0.433,0.034,0.47,Moderate recent linear fit
UK,E12000002,cancer,2025,4.1,4.04,4.15,Recent-window ordinary least squares,6,2019,2024,0.148,0.988,0.044,1.3,Stronger recent linear fit
UK,E12000002,cancer,2026,4.25,4.17,4.33,Recent-window ordinary least squares,6,2019,2024,0.148,0.988,0.044,1.3,Stronger recent linear fit
UK,E12000002,chd,2025,3.36,3.33,3.39,Recent-window ordinary least squares,6,2019,2024,-0.037,0.923,0.022,0.62,Stronger recent linear fit
UK,E12000002,chd,2026,3.32,3.28,3.36,Recent-window ordinary least squares,6,2019,2024,-0.037,0.923,0.022,0.62,Stronger recent linear fit
UK,E12000002,copd,2025,2.33,2.28,2.38,Recent-window ordinary least squares,6,2019,2024,-0.022,0.561,0.04,1.67,Moderate recent linear fit
UK,E12000002,copd,2026,2.31,2.23,2.38,Recent-window ordinary least squares,6,2019,2024,-0.022,0.561,0.04,1.67,Moderate recent linear fit
UK,E12000002,depression,2025,18.81,18.43,19.19,Recent-window ordinary least squares,6,2018,2024,0.811,0.991,0.298,2.19,Stronger recent linear fit
UK,E12000002,depression,2026,19.62,19.09,20.16,Recent-window ordinary least squares,6,2018,2024,0.811,0.991,0.298,2.19,Stronger recent linear fit
UK,E12000002,diabetes,2025,8.14,8.01,8.28,Recent-window ordinary least squares,6,2019,2024,0.15,0.929,0.107,1.43,Stronger recent linear fit
UK,E12000002,diabetes,2026,8.29,8.1,8.49,Recent-window ordinary least squares,6,2019,2024,0.15,0.929,0.107,1.43,Stronger recent linear fit
UK,E12000002,hypertension,2025,16.01,15.71,16.32,Recent-window ordinary least squares,6,2019,2024,0.256,0.77,0.223,1.48,Stronger recent linear fit
UK,E12000002,hypertension,2026,16.27,15.84,16.7,Recent-window ordinary least squares,6,2019,2024,0.256,0.77,0.223,1.48,Stronger recent linear fit
UK,E12000003,asthma,2025,7.36,7.23,7.48,Recent-window ordinary least squares,5,2020,2024,0.078,0.893,0.098,1.35,Moderate recent linear fit
UK,E12000003,asthma,2026,7.43,7.26,7.61,Recent-window ordinary least squares,5,2020,2024,0.078,0.893,0.098,1.35,Moderate recent linear fit
UK,E12000003,cancer,2025,3.87,3.81,3.93,Recent-window ordinary least squares,6,2019,2024,0.125,0.988,0.046,1.41,Stronger recent linear fit
UK,E12000003,cancer,2026,4.0,3.91,4.08,Recent-window ordinary least squares,6,2019,2024,0.125,0.988,0.046,1.41,Stronger recent linear fit
UK,E12000003,chd,2025,3.26,3.24,3.28,Recent-window ordinary least squares,6,2019,2024,-0.047,0.977,0.019,0.53,Stronger recent linear fit
UK,E12000003,chd,2026,3.21,3.18,3.25,Recent-window ordinary least squares,6,2019,2024,-0.047,0.977,0.019,0.53,Stronger recent linear fit
UK,E12000003,copd,2025,2.34,2.28,2.39,Recent-window ordinary least squares,6,2019,2024,0.0,0.0,0.043,1.85,Moderate recent linear fit
UK,E12000003,copd,2026,2.34,2.26,2.42,Recent-window ordinary least squares,6,2019,2024,0.0,0.0,0.043,1.85,Moderate recent linear fit
UK,E12000003,depression,2025,15.32,15.08,15.56,Recent-window ordinary least squares,6,2018,2024,0.568,0.986,0.189,1.42,Stronger recent linear fit
UK,E12000003,depression,2026,15.89,15.55,16.23,Recent-window ordinary least squares,6,2018,2024,0.568,0.986,0.189,1.42,Stronger recent linear fit
UK,E12000003,diabetes,2025,8.54,8.46,8.63,Recent-window ordinary least squares,6,2019,2024,0.208,0.964,0.067,0.87,Stronger recent linear fit
UK,E12000003,diabetes,2026,8.75,8.63,8.88,Recent-window ordinary least squares,6,2019,2024,0.208,0.964,0.067,0.87,Stronger recent linear fit
UK,E12000003,hypertension,2025,16.31,16.02,16.6,Recent-window ordinary least squares,6,2019,2024,0.336,0.871,0.226,1.49,Stronger recent linear fit
UK,E12000003,hypertension,2026,16.65,16.24,17.06,Recent-window ordinary least squares,6,2019,2024,0.336,0.871,0.226,1.49,Stronger recent linear fit
UK,E12000004,asthma,2025,6.94,6.85,7.04,Recent-window ordinary least squares,5,2020,2024,0.062,0.883,0.074,1.08,Moderate recent linear fit
UK,E12000004,asthma,2026,7.01,6.87,7.14,Recent-window ordinary least squares,5,2020,2024,0.062,0.883,0.074,1.08,Moderate recent linear fit
UK,E12000004,cancer,2025,3.95,3.89,4.0,Recent-window ordinary least squares,6,2019,2024,0.127,0.988,0.044,1.32,Stronger recent linear fit
UK,E12000004,cancer,2026,4.07,3.99,4.15,Recent-window ordinary least squares,6,2019,2024,0.127,0.988,0.044,1.32,Stronger recent linear fit
UK,E12000004,chd,2025,3.08,3.06,3.1,Recent-window ordinary least squares,6,2019,2024,-0.038,0.948,0.013,0.41,Stronger recent linear fit
UK,E12000004,chd,2026,3.04,3.01,3.07,Recent-window ordinary least squares,6,2019,2024,-0.038,0.948,0.013,0.41,Stronger recent linear fit
UK,E12000004,copd,2025,2.0,1.95,2.05,Recent-window ordinary least squares,6,2019,2024,-0.005,0.093,0.036,1.76,Moderate recent linear fit
UK,E12000004,copd,2026,2.0,1.93,2.06,Recent-window ordinary least squares,6,2019,2024,-0.005,0.093,0.036,1.76,Moderate recent linear fit
UK,E12000004,depression,2025,15.39,15.08,15.69,Recent-window ordinary least squares,6,2018,2024,0.509,0.988,0.239,1.81,Stronger recent linear fit
UK,E12000004,depression,2026,15.9,15.46,16.33,Recent-window ordinary least squares,6,2018,2024,0.509,0.988,0.239,1.81,Stronger recent linear fit
UK,E12000004,diabetes,2025,8.51,8.41,8.61,Recent-window ordinary least squares,6,2019,2024,0.19,0.981,0.076,0.98,Stronger recent linear fit
UK,E12000004,diabetes,2026,8.7,8.56,8.84,Recent-window ordinary least squares,6,2019,2024,0.19,0.981,0.076,0.98,Stronger recent linear fit
UK,E12000004,hypertension,2025,16.54,16.25,16.82,Recent-window ordinary least squares,6,2019,2024,0.331,0.866,0.192,1.24,Stronger recent linear fit
UK,E12000004,hypertension,2026,16.87,16.47,17.27,Recent-window ordinary least squares,6,2019,2024,0.331,0.866,0.192,1.24,Stronger recent linear fit
UK,E12000005,asthma,2025,6.66,6.61,6.72,Recent-window ordinary least squares,5,2020,2024,0.009,0.385,0.042,0.64,Moderate recent linear fit
UK,E12000005,asthma,2026,6.67,6.6,6.75,Recent-window ordinary least squares,5,2020,2024,0.009,0.385,0.042,0.64,Moderate recent linear fit
UK,E12000005,cancer,2025,3.85,3.79,3.92,Recent-window ordinary least squares,6,2019,2024,0.13,0.991,0.048,1.55,Stronger recent linear fit
UK,E12000005,cancer,2026,3.98,3.9,4.07,Recent-window ordinary least squares,6,2019,2024,0.13,0.991,0.048,1.55,Stronger recent linear fit
UK,E12000005,chd,2025,3.02,2.97,3.06,Recent-window ordinary least squares,6,2019,2024,-0.032,0.945,0.035,1.09,Stronger recent linear fit
UK,E12000005,chd,2026,2.99,2.92,3.05,Recent-window ordinary least squares,6,2019,2024,-0.032,0.945,0.035,1.09,Stronger recent linear fit
UK,E12000005,copd,2025,1.83,1.77,1.88,Recent-window ordinary least squares,6,2019,2024,-0.017,0.613,0.041,2.18,Moderate recent linear fit
UK,E12000005,copd,2026,1.81,1.74,1.88,Recent-window ordinary least squares,6,2019,2024,-0.017,0.613,0.041,2.18,Moderate recent linear fit
UK,E12000005,depression,2025,15.84,15.57,16.12,Recent-window ordinary least squares,6,2018,2024,0.632,0.984,0.215,1.65,Stronger recent linear fit
UK,E12000005,depression,2026,16.48,16.09,16.87,Recent-window ordinary least squares,6,2018,2024,0.632,0.984,0.215,1.65,Stronger recent linear fit
UK,E12000005,diabetes,2025,8.88,8.75,9.02,Recent-window ordinary least squares,6,2019,2024,0.161,0.949,0.102,1.27,Stronger recent linear fit
UK,E12000005,diabetes,2026,9.05,8.86,9.23,Recent-window ordinary least squares,6,2019,2024,0.161,0.949,0.102,1.27,Stronger recent linear fit
UK,E12000005,hypertension,2025,15.98,15.66,16.31,Recent-window ordinary least squares,6,2019,2024,0.243,0.779,0.253,1.68,Stronger recent linear fit
UK,E12000005,hypertension,2026,16.23,15.77,16.68,Recent-window ordinary least squares,6,2019,2024,0.243,0.779,0.253,1.68,Stronger recent linear fit
UK,E12000006,asthma,2025,6.97,6.81,7.12,Recent-window ordinary least squares,5,2020,2024,0.075,0.808,0.12,1.74,Moderate recent linear fit
UK,E12000006,asthma,2026,7.04,6.83,7.26,Recent-window ordinary least squares,5,2020,2024,0.075,0.808,0.12,1.74,Moderate recent linear fit
UK,E12000006,cancer,2025,4.01,3.95,4.06,Recent-window ordinary least squares,6,2019,2024,0.129,0.988,0.045,1.35,Stronger recent linear fit
UK,E12000006,cancer,2026,4.14,4.05,4.22,Recent-window ordinary least squares,6,2019,2024,0.129,0.988,0.045,1.35,Stronger recent linear fit
UK,E12000006,chd,2025,2.96,2.93,2.98,Recent-window ordinary least squares,6,2019,2024,-0.015,0.789,0.019,0.62,Stronger recent linear fit
UK,E12000006,chd,2026,2.94,2.91,2.97,Recent-window ordinary least squares,6,2019,2024,-0.015,0.789,0.019,0.62,Stronger recent linear fit
UK,E12000006,copd,2025,1.77,1.73,1.81,Recent-window ordinary least squares,6,2019,2024,-0.012,0.615,0.029,1.57,Moderate recent linear fit
UK,E12000006,copd,2026,1.76,1.71,1.81,Recent-window ordinary least squares,6,2019,2024,-0.012,0.615,0.029,1.57,Moderate recent linear fit
UK,E12000006,depression,2025,13.57,13.36,13.77,Recent-window ordinary least squares,6,2018,2024,0.471,0.99,0.163,1.37,Stronger recent linear fit
UK,E12000006,depression,2026,14.04,13.74,14.33,Recent-window ordinary least squares,6,2018,2024,0.471,0.99,0.163,1.37,Stronger recent linear fit
UK,E12000006,diabetes,2025,8.04,7.94,8.14,Recent-window ordinary least squares,6,2019,2024,0.223,0.961,0.078,1.08,Stronger recent linear fit
UK,E12000006,diabetes,2026,8.26,8.12,8.4,Recent-window ordinary least squares,6,2019,2024,0.223,0.961,0.078,1.08,Stronger recent linear fit
UK,E12000006,hypertension,2025,15.67,15.41,15.94,Recent-window ordinary least squares,6,2019,2024,0.258,0.835,0.205,1.39,Stronger recent linear fit
UK,E12000006,hypertension,2026,15.93,15.56,16.3,Recent-window ordinary least squares,6,2019,2024,0.258,0.835,0.205,1.39,Stronger recent linear fit
UK,E12000007,asthma,2025,4.73,4.72,4.74,Recent-window ordinary least squares,5,2020,2024,-0.0,0.003,0.005,0.1,Moderate recent linear fit
UK,E12000007,asthma,2026,4.73,4.71,4.75,Recent-window ordinary least squares,5,2020,2024,-0.0,0.003,0.005,0.1,Moderate recent linear fit
UK,E12000007,cancer,2025,2.69,2.64,2.74,Recent-window ordinary least squares,6,2019,2024,0.097,0.978,0.039,1.81,Stronger recent linear fit
UK,E12000007,cancer,2026,2.78,2.71,2.85,Recent-window ordinary least squares,6,2019,2024,0.097,0.978,0.039,1.81,Stronger recent linear fit
UK,E12000007,chd,2025,1.84,1.81,1.87,Recent-window ordinary least squares,6,2019,2024,-0.014,0.575,0.016,0.86,Moderate recent linear fit
UK,E12000007,chd,2026,1.83,1.79,1.86,Recent-window ordinary least squares,6,2019,2024,-0.014,0.575,0.016,0.86,Moderate recent linear fit
UK,E12000007,copd,2025,0.97,0.94,1.01,Recent-window ordinary least squares,6,2019,2024,-0.025,0.829,0.029,2.67,Stronger recent linear fit
UK,E12000007,copd,2026,0.95,0.9,1.0,Recent-window ordinary least squares,6,2019,2024,-0.025,0.829,0.029,2.67,Stronger recent linear fit
UK,E12000007,depression,2025,10.79,10.63,10.95,Recent-window ordinary least squares,6,2018,2024,0.437,0.994,0.128,1.64,Stronger recent linear fit
UK,E12000007,depression,2026,11.23,11.0,11.46,Recent-window ordinary least squares,6,2018,2024,0.437,0.994,0.128,1.64,Stronger recent linear fit
UK,E12000007,diabetes,2025,7.23,7.12,7.34,Recent-window ordinary least squares,6,2019,2024,0.098,0.831,0.088,1.28,Stronger recent linear fit
UK,E12000007,diabetes,2026,7.33,7.17,7.49,Recent-window ordinary least squares,6,2019,2024,0.098,0.831,0.088,1.28,Stronger recent linear fit
UK,E12000007,hypertension,2025,11.2,10.98,11.41,Recent-window ordinary least squares,6,2019,2024,0.07,0.338,0.164,1.51,Moderate recent linear fit
UK,E12000007,hypertension,2026,11.27,10.96,11.57,Recent-window ordinary least squares,6,2019,2024,0.07,0.338,0.164,1.51,Moderate recent linear fit
UK,E12000008,asthma,2025,6.56,6.45,6.66,Recent-window ordinary least squares,5,2020,2024,0.053,0.838,0.082,1.26,Moderate recent linear fit
UK,E12000008,asthma,2026,6.61,6.46,6.76,Recent-window ordinary least squares,5,2020,2024,0.053,0.838,0.082,1.26,Moderate recent linear fit
UK,E12000008,cancer,2025,4.51,4.45,4.56,Recent-window ordinary least squares,6,2019,2024,0.176,0.997,0.043,1.24,Stronger recent linear fit
UK,E12000008,cancer,2026,4.68,4.61,4.76,Recent-window ordinary least squares,6,2019,2024,0.176,0.997,0.043,1.24,Stronger recent linear fit
UK,E12000008,chd,2025,2.81,2.78,2.83,Recent-window ordinary least squares,6,2019,2024,-0.006,0.5,0.021,0.73,Moderate recent linear fit
UK,E12000008,chd,2026,2.8,2.76,2.84,Recent-window ordinary least squares,6,2019,2024,-0.006,0.5,0.021,0.73,Moderate recent linear fit
UK,E12000008,copd,2025,1.68,1.63,1.73,Recent-window ordinary least squares,6,2019,2024,-0.003,0.039,0.036,2.11,Moderate recent linear fit
UK,E12000008,copd,2026,1.68,1.61,1.74,Recent-window ordinary least squares,6,2019,2024,-0.003,0.039,0.036,2.11,Moderate recent linear fit
UK,E12000008,depression,2025,15.63,15.28,15.99,Recent-window ordinary least squares,6,2018,2024,0.617,0.967,0.275,2.27,Stronger recent linear fit
UK,E12000008,depression,2026,16.25,15.75,16.75,Recent-window ordinary least squares,6,2018,2024,0.617,0.967,0.275,2.27,Stronger recent linear fit
UK,E12000008,diabetes,2025,7.45,7.39,7.5,Recent-window ordinary least squares,6,2019,2024,0.186,0.982,0.044,0.65,Stronger recent linear fit
UK,E12000008,diabetes,2026,7.63,7.55,7.71,Recent-window ordinary least squares,6,2019,2024,0.186,0.982,0.044,0.65,Stronger recent linear fit
UK,E12000008,hypertension,2025,15.49,15.24,15.74,Recent-window ordinary least squares,6,2019,2024,0.266,0.847,0.187,1.29,Stronger recent linear fit
UK,E12000008,hypertension,2026,15.76,15.41,16.11,Recent-window ordinary least squares,6,2019,2024,0.266,0.847,0.187,1.29,Stronger recent linear fit
UK,E12000009,asthma,2025,7.58,7.47,7.68,Recent-window ordinary least squares,5,2020,2024,0.086,0.937,0.082,1.09,Moderate recent linear fit
UK,E12000009,asthma,2026,7.66,7.52,7.81,Recent-window ordinary least squares,5,2020,2024,0.086,0.937,0.082,1.09,Moderate recent linear fit
UK,E12000009,cancer,2025,4.74,4.68,4.8,Recent-window ordinary least squares,6,2019,2024,0.167,0.994,0.044,1.14,Stronger recent linear fit
UK,E12000009,cancer,2026,4.91,4.83,4.99,Recent-window ordinary least squares,6,2019,2024,0.167,0.994,0.044,1.14,Stronger recent linear fit
UK,E12000009,chd,2025,3.63,3.6,3.66,Recent-window ordinary least squares,6,2019,2024,0.013,0.559,0.022,0.62,Moderate recent linear fit
UK,E12000009,chd,2026,3.65,3.61,3.69,Recent-window ordinary least squares,6,2019,2024,0.013,0.559,0.022,0.62,Moderate recent linear fit
UK,E12000009,copd,2025,2.08,2.04,2.13,Recent-window ordinary least squares,6,2019,2024,0.006,0.101,0.034,1.65,Moderate recent linear fit
UK,E12000009,copd,2026,2.09,2.03,2.15,Recent-window ordinary least squares,6,2019,2024,0.006,0.101,0.034,1.65,Moderate recent linear fit
UK,E12000009,depression,2025,15.11,14.73,15.49,Recent-window ordinary least squares,6,2018,2024,0.533,0.988,0.298,2.41,Stronger recent linear fit
UK,E12000009,depression,2026,15.64,15.1,16.18,Recent-window ordinary least squares,6,2018,2024,0.533,0.988,0.298,2.41,Stronger recent linear fit
UK,E12000009,diabetes,2025,7.66,7.59,7.72,Recent-window ordinary least squares,6,2019,2024,0.149,0.98,0.052,0.75,Stronger recent linear fit
UK,E12000009,diabetes,2026,7.81,7.71,7.9,Recent-window ordinary least squares,6,2019,2024,0.149,0.98,0.052,0.75,Stronger recent linear fit
UK,E12000009,hypertension,2025,16.81,16.54,17.09,Recent-window ordinary least squares,6,2019,2024,0.35,0.887,0.203,1.3,Stronger recent linear fit
UK,E12000009,hypertension,2026,17.17,16.78,17.55,Recent-window ordinary least squares,6,2019,2024,0.35,0.887,0.203,1.3,Stronger recent linear fit
USA,AK,asthma,2024,10.87,9.76,11.98,Recent-window ordinary least squares,5,2019,2023,0.17,0.304,0.867,8.46,Moderate recent linear fit
USA,AK,asthma,2025,11.04,9.47,12.61,Recent-window ordinary least squares,5,2019,2023,0.17,0.304,0.867,8.46,Moderate recent linear fit
USA,AK,copd,2024,5.98,5.56,6.4,Recent-window ordinary least squares,5,2019,2023,0.28,0.79,0.325,5.75,Moderate recent linear fit
USA,AK,copd,2025,6.26,5.67,6.85,Recent-window ordinary least squares,5,2019,2023,0.28,0.79,0.325,5.75,Moderate recent linear fit
USA,AK,depression,2024,21.58,20.03,23.13,Recent-window ordinary least squares,5,2019,2023,1.0,0.577,1.042,5.02,Moderate recent linear fit
USA,AK,depression,2025,22.58,20.39,24.77,Recent-window ordinary least squares,5,2019,2023,1.0,0.577,1.042,5.02,Moderate recent linear fit
USA,AK,diabetes,2024,8.81,8.31,9.31,Recent-window ordinary least squares,5,2019,2023,0.31,0.783,0.392,4.57,Moderate recent linear fit
USA,AK,diabetes,2025,9.12,8.41,9.83,Recent-window ordinary least squares,5,2019,2023,0.31,0.783,0.392,4.57,Moderate recent linear fit
USA,AK,obesity,2024,35.61,33.04,38.18,Recent-window ordinary least squares,5,2019,2023,0.97,0.77,2.008,5.93,Moderate recent linear fit
USA,AK,obesity,2025,36.58,32.94,40.22,Recent-window ordinary least squares,5,2019,2023,0.97,0.77,2.008,5.93,Moderate recent linear fit
USA,AL,asthma,2024,9.02,7.78,10.26,Recent-window ordinary least squares,5,2019,2023,-0.28,0.419,0.967,9.91,Moderate recent linear fit
USA,AL,asthma,2025,8.74,6.99,10.49,Recent-window ordinary least squares,5,2019,2023,-0.28,0.419,0.967,9.91,Moderate recent linear fit
USA,AL,copd,2024,7.66,7.59,7.73,Recent-window ordinary least squares,5,2019,2023,-0.32,0.996,0.058,0.72,Moderate recent linear fit
USA,AL,copd,2025,7.34,7.23,7.45,Recent-window ordinary least squares,5,2019,2023,-0.32,0.996,0.058,0.72,Moderate recent linear fit
USA,AL,depression,2024,23.26,21.39,25.13,Recent-window ordinary least squares,5,2019,2023,-0.2,0.186,1.458,6.21,Moderate recent linear fit
USA,AL,depression,2025,23.06,20.42,25.7,Recent-window ordinary least squares,5,2019,2023,-0.2,0.186,1.458,6.21,Moderate recent linear fit
USA,AL,diabetes,2024,14.43,14.01,14.85,Recent-window ordinary least squares,5,2019,2023,0.37,0.933,0.325,2.34,Moderate recent linear fit
USA,AL,diabetes,2025,14.8,14.21,15.39,Recent-window ordinary least squares,5,2019,2023,0.37,0.933,0.325,2.34,Moderate recent linear fit
USA,AL,obesity,2024,40.79,37.41,44.17,Recent-window ordinary least squares,5,2019,2023,0.63,0.359,2.642,6.5,Moderate recent linear fit
USA,AL,obesity,2025,41.42,36.64,46.2,Recent-window ordinary least squares,5,2019,2023,0.63,0.359,2.642,6.5,Moderate recent linear fit
USA,AR,asthma,2024,10.22,9.67,10.77,Recent-window ordinary least squares,5,2019,2023,0.06,0.108,0.433,4.26,Moderate recent linear fit
USA,AR,asthma,2025,10.28,9.5,11.06,Recent-window ordinary least squares,5,2019,2023,0.06,0.108,0.433,4.26,Moderate recent linear fit
USA,AR,copd,2024,7.9,6.96,8.84,Recent-window ordinary least squares,5,2019,2023,-0.26,0.358,0.733,8.81,Moderate recent linear fit
USA,AR,copd,2025,7.64,6.31,8.97,Recent-window ordinary least squares,5,2019,2023,-0.26,0.358,0.733,8.81,Moderate recent linear fit
USA,AR,depression,2024,26.46,23.21,29.71,Recent-window ordinary least squares,5,2019,2023,0.3,0.134,2.542,9.69,Moderate recent linear fit
USA,AR,depression,2025,26.76,22.16,31.36,Recent-window ordinary least squares,5,2019,2023,0.3,0.134,2.542,9.69,Moderate recent linear fit
USA,AR,diabetes,2024,13.62,11.05,16.19,Recent-window ordinary least squares,5,2019,2023,0.38,0.259,2.008,16.26,Exploratory recent linear fit
USA,AR,diabetes,2025,14.0,10.36,17.64,Recent-window ordinary least squares,5,2019,2023,0.38,0.259,2.008,16.26,Exploratory recent linear fit
USA,AR,obesity,2024,40.61,38.1,43.12,Recent-window ordinary least squares,5,2019,2023,0.65,0.493,1.958,4.98,Moderate recent linear fit
USA,AR,obesity,2025,41.26,37.72,44.8,Recent-window ordinary least squares,5,2019,2023,0.65,0.493,1.958,4.98,Moderate recent linear fit
USA,AZ,asthma,2024,10.0,9.41,10.59,Recent-window ordinary least squares,5,2019,2023,-0.06,0.11,0.458,4.6,Moderate recent linear fit
USA,AZ,asthma,2025,9.94,9.11,10.77,Recent-window ordinary least squares,5,2019,2023,-0.06,0.11,0.458,4.6,Moderate recent linear fit
USA,AZ,copd,2024,4.95,3.77,6.13,Recent-window ordinary least squares,5,2019,2023,-0.17,0.31,0.925,17.69,Exploratory recent linear fit
USA,AZ,copd,2025,4.78,3.11,6.45,Recent-window ordinary least squares,5,2019,2023,-0.17,0.31,0.925,17.69,Exploratory recent linear fit
USA,AZ,depression,2024,20.09,17.06,23.12,Recent-window ordinary least squares,5,2019,2023,0.57,0.453,2.367,12.1,Exploratory recent linear fit
USA,AZ,depression,2025,20.66,16.38,24.94,Recent-window ordinary least squares,5,2019,2023,0.57,0.453,2.367,12.1,Exploratory recent linear fit
USA,AZ,diabetes,2024,10.63,8.66,12.6,Recent-window ordinary least squares,5,2019,2023,0.15,0.12,1.542,14.54,Exploratory recent linear fit
USA,AZ,diabetes,2025,10.78,7.99,13.57,Recent-window ordinary least squares,5,2019,2023,0.15,0.12,1.542,14.54,Exploratory recent linear fit
USA,AZ,obesity,2024,33.28,31.54,35.02,Recent-window ordinary least squares,5,2019,2023,0.34,0.449,1.358,4.15,Moderate recent linear fit
USA,AZ,obesity,2025,33.62,31.16,36.08,Recent-window ordinary least squares,5,2019,2023,0.34,0.449,1.358,4.15,Moderate recent linear fit
USA,CA,asthma,2024,8.96,7.65,10.27,Recent-window ordinary least squares,5,2019,2023,-0.02,0.003,1.025,10.91,Moderate recent linear fit
USA,CA,asthma,2025,8.94,7.08,10.8,Recent-window ordinary least squares,5,2019,2023,-0.02,0.003,1.025,10.91,Moderate recent linear fit
USA,CA,copd,2024,4.01,3.39,4.63,Recent-window ordinary least squares,5,2019,2023,-0.13,0.217,0.483,11.14,Moderate recent linear fit
USA,CA,copd,2025,3.88,3.01,4.75,Recent-window ordinary least squares,5,2019,2023,-0.13,0.217,0.483,11.14,Moderate recent linear fit
USA,CA,depression,2024,18.51,15.7,21.32,Recent-window ordinary least squares,5,2019,2023,0.89,0.673,2.192,12.8,Exploratory recent linear fit
USA,CA,depression,2025,19.4,15.43,23.37,Recent-window ordinary least squares,5,2019,2023,0.89,0.673,2.192,12.8,Exploratory recent linear fit
USA,CA,diabetes,2024,11.28,10.38,12.18,Recent-window ordinary least squares,5,2019,2023,0.36,0.589,0.7,6.36,Moderate recent linear fit
USA,CA,diabetes,2025,11.64,10.37,12.91,Recent-window ordinary least squares,5,2019,2023,0.36,0.589,0.7,6.36,Moderate recent linear fit
USA,CA,obesity,2024,28.53,26.89,30.17,Recent-window ordinary least squares,5,2019,2023,0.15,0.027,1.283,4.46,Moderate recent linear fit
USA,CA,obesity,2025,28.68,26.36,31.0,Recent-window ordinary least squares,5,2019,2023,0.15,0.027,1.283,4.46,Moderate recent linear fit
USA,CO,asthma,2024,11.48,11.06,11.9,Recent-window ordinary least squares,5,2019,2023,0.18,0.609,0.325,2.91,Moderate recent linear fit
USA,CO,asthma,2025,11.66,11.07,12.25,Recent-window ordinary least squares,5,2019,2023,0.18,0.609,0.325,2.91,Moderate recent linear fit
USA,CO,copd,2024,4.7,4.11,5.29,Recent-window ordinary least squares,5,2019,2023,0.06,0.098,0.458,9.67,Moderate recent linear fit
USA,CO,copd,2025,4.76,3.93,5.59,Recent-window ordinary least squares,5,2019,2023,0.06,0.098,0.458,9.67,Moderate recent linear fit
USA,CO,depression,2024,23.82,22.42,25.22,Recent-window ordinary least squares,5,2019,2023,1.26,0.927,1.092,4.84,Moderate recent linear fit
USA,CO,depression,2025,25.08,23.1,27.06,Recent-window ordinary least squares,5,2019,2023,1.26,0.927,1.092,4.84,Moderate recent linear fit
USA,CO,diabetes,2024,8.15,7.24,9.06,Recent-window ordinary least squares,5,2019,2023,0.33,0.659,0.708,9.69,Moderate recent linear fit
USA,CO,diabetes,2025,8.48,7.2,9.76,Recent-window ordinary least squares,5,2019,2023,0.33,0.659,0.708,9.69,Moderate recent linear fit
USA,CO,obesity,2024,25.42,24.24,26.6,Recent-window ordinary least squares,5,2019,2023,0.3,0.581,0.925,3.66,Moderate recent linear fit
USA,CO,obesity,2025,25.72,24.05,27.39,Recent-window ordinary least squares,5,2019,2023,0.3,0.581,0.925,3.66,Moderate recent linear fit
USA,CT,asthma,2024,11.6,10.0,13.2,Recent-window ordinary least squares,5,2019,2023,0.0,0.0,1.25,10.55,Moderate recent linear fit
USA,CT,asthma,2025,11.6,9.34,13.86,Recent-window ordinary least squares,5,2019,2023,0.0,0.0,1.25,10.55,Moderate recent linear fit
USA,CT,copd,2024,4.46,3.64,5.28,Recent-window ordinary least squares,5,2019,2023,-0.04,0.049,0.642,13.83,Exploratory recent linear fit
USA,CT,copd,2025,4.42,3.26,5.58,Recent-window ordinary least squares,5,2019,2023,-0.04,0.049,0.642,13.83,Exploratory recent linear fit
USA,CT,depression,2024,21.64,19.06,24.22,Recent-window ordinary least squares,5,2019,2023,1.16,0.697,2.017,9.73,Moderate recent linear fit
USA,CT,depression,2025,22.8,19.15,26.45,Recent-window ordinary least squares,5,2019,2023,1.16,0.697,2.017,9.73,Moderate recent linear fit
USA,CT,diabetes,2024,9.05,7.82,10.28,Recent-window ordinary least squares,5,2019,2023,0.11,0.105,0.958,10.43,Moderate recent linear fit
USA,CT,diabetes,2025,9.16,7.43,10.89,Recent-window ordinary least squares,5,2019,2023,0.11,0.105,0.958,10.43,Moderate recent linear fit
USA,CT,obesity,2024,30.56,29.03,32.09,Recent-window ordinary least squares,5,2019,2023,0.22,0.24,1.192,3.89,Moderate recent linear fit
USA,CT,obesity,2025,30.78,28.62,32.94,Recent-window ordinary least squares,5,2019,2023,0.22,0.24,1.192,3.89,Moderate recent linear fit
USA,DC,asthma,2024,10.6,9.11,12.09,Recent-window ordinary least squares,5,2019,2023,-0.34,0.44,1.167,10.03,Moderate recent linear fit
USA,DC,asthma,2025,10.26,8.15,12.37,Recent-window ordinary least squares,5,2019,2023,-0.34,0.44,1.167,10.03,Moderate recent linear fit
USA,DC,copd,2024,3.95,3.49,4.41,Recent-window ordinary least squares,5,2019,2023,-0.19,0.711,0.358,8.28,Moderate recent linear fit
USA,DC,copd,2025,3.76,3.11,4.41,Recent-window ordinary least squares,5,2019,2023,-0.19,0.711,0.358,8.28,Moderate recent linear fit
USA,DC,depression,2024,20.46,18.84,22.08,Recent-window ordinary least squares,5,2019,2023,0.14,0.147,1.267,6.31,Moderate recent linear fit
USA,DC,depression,2025,20.6,18.31,22.89,Recent-window ordinary least squares,5,2019,2023,0.14,0.147,1.267,6.31,Moderate recent linear fit
USA,DC,diabetes,2024,8.0,7.24,8.76,Recent-window ordinary least squares,5,2019,2023,-0.22,0.451,0.592,7.19,Moderate recent linear fit
USA,DC,diabetes,2025,7.78,6.71,8.85,Recent-window ordinary least squares,5,2019,2023,-0.22,0.451,0.592,7.19,Moderate recent linear fit
USA,DC,obesity,2024,24.89,23.7,26.08,Recent-window ordinary least squares,5,2019,2023,-0.01,0.001,0.933,3.71,Moderate recent linear fit
USA,DC,obesity,2025,24.88,23.19,26.57,Recent-window ordinary least squares,5,2019,2023,-0.01,0.001,0.933,3.71,Moderate recent linear fit
USA,DE,asthma,2024,10.72,8.83,12.61,Recent-window ordinary least squares,5,2019,2023,-0.06,0.021,1.475,13.96,Exploratory recent linear fit
USA,DE,asthma,2025,10.66,7.99,13.33,Recent-window ordinary least squares,5,2019,2023,-0.06,0.021,1.475,13.96,Exploratory recent linear fit
USA,DE,copd,2024,5.33,3.56,7.1,Recent-window ordinary least squares,5,2019,2023,-0.21,0.147,1.383,26.76,Exploratory recent linear fit
USA,DE,copd,2025,5.12,2.62,7.62,Recent-window ordinary least squares,5,2019,2023,-0.21,0.147,1.383,26.76,Exploratory recent linear fit
USA,DE,depression,2024,21.5,16.97,26.03,Recent-window ordinary least squares,5,2019,2023,0.82,0.312,3.542,19.03,Exploratory recent linear fit
USA,DE,depression,2025,22.32,15.91,28.73,Recent-window ordinary least squares,5,2019,2023,0.82,0.312,3.542,19.03,Exploratory recent linear fit
USA,DE,diabetes,2024,11.37,9.66,13.08,Recent-window ordinary least squares,5,2019,2023,0.15,0.116,1.333,12.38,Exploratory recent linear fit
USA,DE,diabetes,2025,11.52,9.11,13.93,Recent-window ordinary least squares,5,2019,2023,0.15,0.116,1.333,12.38,Exploratory recent linear fit
USA,DE,obesity,2024,37.26,33.76,40.76,Recent-window ordinary least squares,5,2019,2023,0.54,0.254,2.733,7.51,Moderate recent linear fit
USA,DE,obesity,2025,37.8,32.85,42.75,Recent-window ordinary least squares,5,2019,2023,0.54,0.254,2.733,7.51,Moderate recent linear fit
USA,FL,asthma,2024,9.19,7.69,10.69,Recent-window ordinary least squares,4,2019,2023,0.28,0.506,1.171,12.89,Exploratory recent linear fit
USA,FL,asthma,2025,9.47,7.35,11.59,Recent-window ordinary least squares,4,2019,2023,0.28,0.506,1.171,12.89,Exploratory recent linear fit
USA,FL,copd,2024,5.46,4.79,6.14,Recent-window ordinary least squares,4,2019,2023,-0.22,0.771,0.529,9.17,Moderate recent linear fit
USA,FL,copd,2025,5.24,4.29,6.2,Recent-window ordinary least squares,4,2019,2023,-0.22,0.771,0.529,9.17,Moderate recent linear fit
USA,FL,depression,2024,17.5,15.9,19.1,Recent-window ordinary least squares,4,2019,2023,0.15,0.035,1.0,5.71,Moderate recent linear fit
USA,FL,depression,2025,17.65,15.38,19.92,Recent-window ordinary least squares,4,2019,2023,0.15,0.035,1.0,5.71,Moderate recent linear fit
USA,FL,diabetes,2024,10.06,9.47,10.65,Recent-window ordinary least squares,4,2019,2023,0.12,0.655,0.457,4.63,Moderate recent linear fit
USA,FL,diabetes,2025,10.18,9.35,11.01,Recent-window ordinary least squares,4,2019,2023,0.12,0.655,0.457,4.63,Moderate recent linear fit
USA,FL,obesity,2024,32.14,27.37,36.92,Recent-window ordinary least squares,4,2019,2023,1.04,0.689,3.729,11.78,Moderate recent linear fit
USA,FL,obesity,2025,33.18,26.44,39.93,Recent-window ordinary least squares,4,2019,2023,1.04,0.689,3.729,11.78,Moderate recent linear fit
USA,GA,asthma,2024,10.26,7.72,12.8,Recent-window ordinary least squares,5,2019,2023,0.26,0.198,1.983,18.77,Exploratory recent linear fit
USA,GA,asthma,2025,10.52,6.93,14.11,Recent-window ordinary least squares,5,2019,2023,0.26,0.198,1.983,18.77,Exploratory recent linear fit
USA,GA,copd,2024,5.6,4.62,6.58,Recent-window ordinary least squares,5,2019,2023,-0.24,0.529,0.767,12.69,Exploratory recent linear fit
USA,GA,copd,2025,5.36,3.97,6.75,Recent-window ordinary least squares,5,2019,2023,-0.24,0.529,0.767,12.69,Exploratory recent linear fit
USA,GA,depression,2024,19.03,17.16,20.9,Recent-window ordinary least squares,5,2019,2023,0.35,0.405,1.458,7.72,Moderate recent linear fit
USA,GA,depression,2025,19.38,16.74,22.02,Recent-window ordinary least squares,5,2019,2023,0.35,0.405,1.458,7.72,Moderate recent linear fit
USA,GA,diabetes,2024,11.4,10.89,11.91,Recent-window ordinary least squares,5,2019,2023,0.06,0.093,0.4,3.56,Moderate recent linear fit
USA,GA,diabetes,2025,11.46,10.74,12.18,Recent-window ordinary least squares,5,2019,2023,0.06,0.093,0.4,3.56,Moderate recent linear fit
USA,GA,obesity,2024,36.99,33.7,40.28,Recent-window ordinary least squares,5,2019,2023,0.69,0.501,2.567,7.07,Moderate recent linear fit
USA,GA,obesity,2025,37.68,33.03,42.33,Recent-window ordinary least squares,5,2019,2023,0.69,0.501,2.567,7.07,Moderate recent linear fit
USA,HI,asthma,2024,9.08,6.88,11.28,Recent-window ordinary least squares,5,2019,2023,-0.12,0.063,1.717,19.89,Exploratory recent linear fit
USA,HI,asthma,2025,8.96,5.85,12.07,Recent-window ordinary least squares,5,2019,2023,-0.12,0.063,1.717,19.89,Exploratory recent linear fit
USA,HI,copd,2024,3.06,1.97,4.15,Recent-window ordinary least squares,5,2019,2023,-0.1,0.133,0.85,29.14,Exploratory recent linear fit
USA,HI,copd,2025,2.96,1.42,4.5,Recent-window ordinary least squares,5,2019,2023,-0.1,0.133,0.85,29.14,Exploratory recent linear fit
USA,HI,depression,2024,13.89,11.03,16.75,Recent-window ordinary least squares,5,2019,2023,0.31,0.2,2.233,17.71,Exploratory recent linear fit
USA,HI,depression,2025,14.2,10.16,18.24,Recent-window ordinary least squares,5,2019,2023,0.31,0.2,2.233,17.71,Exploratory recent linear fit
USA,HI,diabetes,2024,9.75,7.87,11.63,Recent-window ordinary least squares,5,2019,2023,0.13,0.062,1.467,16.05,Exploratory recent linear fit
USA,HI,diabetes,2025,9.88,7.23,12.53,Recent-window ordinary least squares,5,2019,2023,0.13,0.062,1.467,16.05,Exploratory recent linear fit
USA,HI,obesity,2024,27.42,26.44,28.4,Recent-window ordinary least squares,5,2019,2023,0.46,0.732,0.767,2.88,Moderate recent linear fit
USA,HI,obesity,2025,27.88,26.49,29.27,Recent-window ordinary least squares,5,2019,2023,0.46,0.732,0.767,2.88,Moderate recent linear fit
USA,IA,asthma,2024,9.5,8.06,10.94,Recent-window ordinary least squares,5,2019,2023,0.0,0.0,1.125,11.4,Moderate recent linear fit
USA,IA,asthma,2025,9.5,7.46,11.54,Recent-window ordinary least squares,5,2019,2023,0.0,0.0,1.125,11.4,Moderate recent linear fit
USA,IA,copd,2024,5.64,5.09,6.19,Recent-window ordinary least squares,5,2019,2023,-0.0,0.0,0.433,7.51,Moderate recent linear fit
USA,IA,copd,2025,5.64,4.86,6.42,Recent-window ordinary least squares,5,2019,2023,-0.0,0.0,0.433,7.51,Moderate recent linear fit
USA,IA,depression,2024,20.78,20.55,21.01,Recent-window ordinary least squares,5,2019,2023,0.78,0.973,0.033,0.17,Moderate recent linear fit
USA,IA,depression,2025,21.56,21.23,21.89,Recent-window ordinary least squares,5,2019,2023,0.78,0.973,0.033,0.17,Moderate recent linear fit
USA,IA,diabetes,2024,10.26,9.02,11.5,Recent-window ordinary least squares,5,2019,2023,0.28,0.454,0.967,10.19,Moderate recent linear fit
USA,IA,diabetes,2025,10.54,8.79,12.29,Recent-window ordinary least squares,5,2019,2023,0.28,0.454,0.967,10.19,Moderate recent linear fit
USA,IA,obesity,2024,39.56,38.51,40.61,Recent-window ordinary least squares,5,2019,2023,0.88,0.782,0.817,2.12,Moderate recent linear fit
USA,IA,obesity,2025,40.44,38.96,41.92,Recent-window ordinary least squares,5,2019,2023,0.88,0.782,0.817,2.12,Moderate recent linear fit
USA,ID,asthma,2024,10.55,9.64,11.46,Recent-window ordinary least squares,5,2019,2023,-0.05,0.034,0.708,6.72,Moderate recent linear fit
USA,ID,asthma,2025,10.5,9.22,11.78,Recent-window ordinary least squares,5,2019,2023,-0.05,0.034,0.708,6.72,Moderate recent linear fit
USA,ID,copd,2024,5.87,5.74,6.0,Recent-window ordinary least squares,5,2019,2023,0.21,0.896,0.092,1.62,Moderate recent linear fit
USA,ID,copd,2025,6.08,5.9,6.26,Recent-window ordinary least squares,5,2019,2023,0.21,0.896,0.092,1.62,Moderate recent linear fit
USA,ID,depression,2024,23.92,21.94,25.9,Recent-window ordinary least squares,5,2019,2023,0.46,0.151,0.742,3.25,Moderate recent linear fit
USA,ID,depression,2025,24.38,21.59,27.17,Recent-window ordinary least squares,5,2019,2023,0.46,0.151,0.742,3.25,Moderate recent linear fit
USA,ID,diabetes,2024,8.65,8.11,9.19,Recent-window ordinary least squares,5,2019,2023,-0.03,0.01,0.375,4.38,Moderate recent linear fit
USA,ID,diabetes,2025,8.62,7.86,9.38,Recent-window ordinary least squares,5,2019,2023,-0.03,0.01,0.375,4.38,Moderate recent linear fit
USA,ID,obesity,2024,33.17,30.72,35.62,Recent-window ordinary least squares,5,2019,2023,0.55,0.337,1.917,5.81,Moderate recent linear fit
USA,ID,obesity,2025,33.72,30.25,37.19,Recent-window ordinary least squares,5,2019,2023,0.55,0.337,1.917,5.81,Moderate recent linear fit
USA,IL,asthma,2024,9.65,8.68,10.62,Recent-window ordinary least squares,5,2019,2023,0.17,0.418,0.758,8.12,Moderate recent linear fit
USA,IL,asthma,2025,9.82,8.45,11.19,Recent-window ordinary least squares,5,2019,2023,0.17,0.418,0.758,8.12,Moderate recent linear fit
USA,IL,copd,2024,5.45,4.81,6.09,Recent-window ordinary least squares,5,2019,2023,0.03,0.019,0.5,9.51,Moderate recent linear fit
USA,IL,copd,2025,5.48,4.57,6.39,Recent-window ordinary least squares,5,2019,2023,0.03,0.019,0.5,9.51,Moderate recent linear fit
USA,IL,depression,2024,18.33,15.92,20.74,Recent-window ordinary least squares,5,2019,2023,0.31,0.105,1.883,11.03,Moderate recent linear fit
USA,IL,depression,2025,18.64,15.23,22.05,Recent-window ordinary least squares,5,2019,2023,0.31,0.105,1.883,11.03,Moderate recent linear fit
USA,IL,diabetes,2024,11.08,9.95,12.21,Recent-window ordinary least squares,5,2019,2023,0.3,0.515,0.883,8.68,Moderate recent linear fit
USA,IL,diabetes,2025,11.38,9.78,12.98,Recent-window ordinary least squares,5,2019,2023,0.3,0.515,0.883,8.68,Moderate recent linear fit
USA,IL,obesity,2024,36.31,33.64,38.98,Recent-window ordinary least squares,5,2019,2023,0.95,0.744,2.083,6.02,Moderate recent linear fit
USA,IL,obesity,2025,37.26,33.49,41.03,Recent-window ordinary least squares,5,2019,2023,0.95,0.744,2.083,6.02,Moderate recent linear fit
USA,IN,asthma,2024,11.69,11.22,12.16,Recent-window ordinary least squares,5,2019,2023,0.23,0.49,0.367,3.23,Moderate recent linear fit
USA,IN,asthma,2025,11.92,11.26,12.58,Recent-window ordinary least squares,5,2019,2023,0.23,0.49,0.367,3.23,Moderate recent linear fit
USA,IN,copd,2024,7.69,7.15,8.23,Recent-window ordinary least squares,5,2019,2023,-0.07,0.144,0.425,5.48,Moderate recent linear fit
USA,IN,copd,2025,7.62,6.85,8.39,Recent-window ordinary least squares,5,2019,2023,-0.07,0.144,0.425,5.48,Moderate recent linear fit
USA,IN,depression,2024,25.72,23.68,27.76,Recent-window ordinary least squares,5,2019,2023,0.82,0.7,1.592,6.42,Moderate recent linear fit
USA,IN,depression,2025,26.54,23.66,29.42,Recent-window ordinary least squares,5,2019,2023,0.82,0.7,1.592,6.42,Moderate recent linear fit
USA,IN,diabetes,2024,11.62,10.88,12.36,Recent-window ordinary least squares,5,2019,2023,0.14,0.35,0.575,5.13,Moderate recent linear fit
USA,IN,diabetes,2025,11.76,10.72,12.8,Recent-window ordinary least squares,5,2019,2023,0.14,0.35,0.575,5.13,Moderate recent linear fit
USA,IN,obesity,2024,39.38,38.54,40.22,Recent-window ordinary least squares,5,2019,2023,0.72,0.814,0.658,1.71,Moderate recent linear fit
USA,IN,obesity,2025,40.1,38.91,41.29,Recent-window ordinary least squares,5,2019,2023,0.72,0.814,0.658,1.71,Moderate recent linear fit
USA,KS,asthma,2024,10.44,9.14,11.74,Recent-window ordinary least squares,5,2019,2023,-0.1,0.099,1.017,9.31,Moderate recent linear fit
USA,KS,asthma,2025,10.34,8.5,12.18,Recent-window ordinary least squares,5,2019,2023,-0.1,0.099,1.017,9.31,Moderate recent linear fit
USA,KS,copd,2024,6.1,5.37,6.83,Recent-window ordinary least squares,5,2019,2023,0.04,0.065,0.567,9.36,Moderate recent linear fit
USA,KS,copd,2025,6.14,5.11,7.17,Recent-window ordinary least squares,5,2019,2023,0.04,0.065,0.567,9.36,Moderate recent linear fit
USA,KS,depression,2024,21.67,20.12,23.22,Recent-window ordinary least squares,5,2019,2023,0.35,0.379,1.208,5.77,Moderate recent linear fit
USA,KS,depression,2025,22.02,19.83,24.21,Recent-window ordinary least squares,5,2019,2023,0.35,0.379,1.208,5.77,Moderate recent linear fit
USA,KS,diabetes,2024,10.55,10.4,10.7,Recent-window ordinary least squares,5,2019,2023,0.13,0.88,0.117,1.12,Moderate recent linear fit
USA,KS,diabetes,2025,10.68,10.47,10.89,Recent-window ordinary least squares,5,2019,2023,0.13,0.88,0.117,1.12,Moderate recent linear fit
USA,KS,obesity,2024,37.13,36.5,37.76,Recent-window ordinary least squares,5,2019,2023,0.29,0.77,0.492,1.33,Moderate recent linear fit
USA,KS,obesity,2025,37.42,36.53,38.31,Recent-window ordinary least squares,5,2019,2023,0.29,0.77,0.492,1.33,Moderate recent linear fit
USA,KY,asthma,2023,12.05,8.42,15.68,Recent-window ordinary least squares,4,2019,2022,0.2,0.065,2.833,22.82,Exploratory recent linear fit
USA,KY,asthma,2024,12.25,7.12,17.38,Recent-window ordinary least squares,4,2019,2022,0.2,0.065,2.833,22.82,Exploratory recent linear fit
USA,KY,copd,2023,10.6,9.96,11.24,Recent-window ordinary least squares,4,2019,2022,0.11,0.058,0.3,2.84,Moderate recent linear fit
USA,KY,copd,2024,10.71,9.81,11.61,Recent-window ordinary least squares,4,2019,2022,0.11,0.058,0.3,2.84,Moderate recent linear fit
USA,KY,depression,2023,26.95,25.73,28.17,Recent-window ordinary least squares,4,2019,2022,0.28,0.098,0.9,3.35,Moderate recent linear fit
USA,KY,depression,2024,27.23,25.51,28.95,Recent-window ordinary least squares,4,2019,2022,0.28,0.098,0.9,3.35,Moderate recent linear fit
USA,KY,diabetes,2023,13.35,12.92,13.78,Recent-window ordinary least squares,4,2019,2022,0.45,0.812,0.333,2.6,Moderate recent linear fit
USA,KY,diabetes,2024,13.8,13.2,14.4,Recent-window ordinary least squares,4,2019,2022,0.45,0.812,0.333,2.6,Moderate recent linear fit
USA,KY,obesity,2023,40.2,34.95,45.45,Recent-window ordinary least squares,4,2019,2022,0.87,0.366,4.1,10.21,Moderate recent linear fit
USA,KY,obesity,2024,41.07,33.65,48.49,Recent-window ordinary least squares,4,2019,2022,0.87,0.366,4.1,10.21,Moderate recent linear fit
USA,LA,asthma,2024,11.39,10.57,12.21,Recent-window ordinary least squares,5,2019,2023,0.57,0.815,0.642,6.09,Moderate recent linear fit
USA,LA,asthma,2025,11.96,10.8,13.12,Recent-window ordinary least squares,5,2019,2023,0.57,0.815,0.642,6.09,Moderate recent linear fit
USA,LA,copd,2024,8.13,7.51,8.75,Recent-window ordinary least squares,5,2019,2023,-0.01,0.005,0.483,5.86,Moderate recent linear fit
USA,LA,copd,2025,8.12,7.25,8.99,Recent-window ordinary least squares,5,2019,2023,-0.01,0.005,0.483,5.86,Moderate recent linear fit
USA,LA,depression,2024,27.52,25.73,29.31,Recent-window ordinary least squares,5,2019,2023,0.74,0.776,1.4,5.28,Moderate recent linear fit
USA,LA,depression,2025,28.26,25.73,30.79,Recent-window ordinary least squares,5,2019,2023,0.74,0.776,1.4,5.28,Moderate recent linear fit
USA,LA,diabetes,2024,14.94,14.43,15.45,Recent-window ordinary least squares,5,2019,2023,0.66,0.845,0.4,2.82,Moderate recent linear fit
USA,LA,diabetes,2025,15.6,14.88,16.32,Recent-window ordinary least squares,5,2019,2023,0.66,0.845,0.4,2.82,Moderate recent linear fit
USA,LA,obesity,2024,41.74,40.83,42.65,Recent-window ordinary least squares,5,2019,2023,1.0,0.892,0.708,1.73,Moderate recent linear fit
USA,LA,obesity,2025,42.74,41.46,44.02,Recent-window ordinary least squares,5,2019,2023,1.0,0.892,0.708,1.73,Moderate recent linear fit
USA,MA,asthma,2024,12.34,11.04,13.64,Recent-window ordinary least squares,5,2019,2023,0.2,0.236,1.017,8.23,Moderate recent linear fit
USA,MA,asthma,2025,12.54,10.7,14.38,Recent-window ordinary least squares,5,2019,2023,0.2,0.236,1.017,8.23,Moderate recent linear fit
USA,MA,copd,2024,5.61,5.15,6.07,Recent-window ordinary least squares,5,2019,2023,0.27,0.561,0.358,6.73,Moderate recent linear fit
USA,MA,copd,2025,5.88,5.23,6.53,Recent-window ordinary least squares,5,2019,2023,0.27,0.561,0.358,6.73,Moderate recent linear fit
USA,MA,depression,2024,24.01,21.43,26.59,Recent-window ordinary least squares,5,2019,2023,1.23,0.803,2.017,9.62,Moderate recent linear fit
USA,MA,depression,2025,25.24,21.59,28.89,Recent-window ordinary least squares,5,2019,2023,1.23,0.803,2.017,9.62,Moderate recent linear fit
USA,MA,diabetes,2024,9.21,7.93,10.49,Recent-window ordinary least squares,5,2019,2023,0.35,0.641,1.0,11.39,Moderate recent linear fit
USA,MA,diabetes,2025,9.56,7.75,11.37,Recent-window ordinary least squares,5,2019,2023,0.35,0.641,1.0,11.39,Moderate recent linear fit
USA,MA,obesity,2024,28.36,27.37,29.35,Recent-window ordinary least squares,5,2019,2023,0.66,0.596,0.775,2.8,Moderate recent linear fit
USA,MA,obesity,2025,29.02,27.62,30.42,Recent-window ordinary least squares,5,2019,2023,0.66,0.596,0.775,2.8,Moderate recent linear fit
USA,MD,asthma,2024,11.1,10.62,11.58,Recent-window ordinary least squares,5,2019,2023,0.32,0.793,0.375,3.54,Moderate recent linear fit
USA,MD,asthma,2025,11.42,10.74,12.1,Recent-window ordinary least squares,5,2019,2023,0.32,0.793,0.375,3.54,Moderate recent linear fit
USA,MD,copd,2024,4.81,3.99,5.63,Recent-window ordinary least squares,5,2019,2023,0.05,0.061,0.642,14.15,Exploratory recent linear fit
USA,MD,copd,2025,4.86,3.7,6.02,Recent-window ordinary least squares,5,2019,2023,0.05,0.061,0.642,14.15,Exploratory recent linear fit
USA,MD,depression,2024,18.94,17.18,20.7,Recent-window ordinary least squares,5,2019,2023,0.6,0.713,1.375,7.54,Moderate recent linear fit
USA,MD,depression,2025,19.54,17.05,22.03,Recent-window ordinary least squares,5,2019,2023,0.6,0.713,1.375,7.54,Moderate recent linear fit
USA,MD,diabetes,2024,11.1,10.19,12.01,Recent-window ordinary least squares,5,2019,2023,0.34,0.632,0.708,6.93,Moderate recent linear fit
USA,MD,diabetes,2025,11.44,10.16,12.72,Recent-window ordinary least squares,5,2019,2023,0.34,0.632,0.708,6.93,Moderate recent linear fit
USA,MD,obesity,2024,34.98,33.88,36.08,Recent-window ordinary least squares,5,2019,2023,0.68,0.558,0.783,2.29,Moderate recent linear fit
USA,MD,obesity,2025,35.66,34.11,37.21,Recent-window ordinary least squares,5,2019,2023,0.68,0.558,0.783,2.29,Moderate recent linear fit
USA,ME,asthma,2024,13.81,12.99,14.63,Recent-window ordinary least squares,5,2019,2023,0.21,0.176,0.433,3.19,Moderate recent linear fit
USA,ME,asthma,2025,14.02,12.86,15.18,Recent-window ordinary least squares,5,2019,2023,0.21,0.176,0.433,3.19,Moderate recent linear fit
USA,ME,copd,2024,7.25,6.87,7.63,Recent-window ordinary least squares,5,2019,2023,-0.05,0.054,0.083,1.14,Moderate recent linear fit
USA,ME,copd,2025,7.2,6.67,7.73,Recent-window ordinary least squares,5,2019,2023,-0.05,0.054,0.083,1.14,Moderate recent linear fit
USA,ME,depression,2024,29.48,26.81,32.15,Recent-window ordinary least squares,5,2019,2023,1.2,0.715,2.083,7.73,Moderate recent linear fit
USA,ME,depression,2025,30.68,26.91,34.45,Recent-window ordinary least squares,5,2019,2023,1.2,0.715,2.083,7.73,Moderate recent linear fit
USA,ME,diabetes,2024,9.04,8.1,9.98,Recent-window ordinary least squares,5,2019,2023,0.12,0.216,0.733,8.6,Moderate recent linear fit
USA,ME,diabetes,2025,9.16,7.83,10.49,Recent-window ordinary least squares,5,2019,2023,0.12,0.216,0.733,8.6,Moderate recent linear fit
USA,ME,obesity,2024,33.75,32.5,35.0,Recent-window ordinary least squares,5,2019,2023,0.51,0.768,0.975,2.95,Moderate recent linear fit
USA,ME,obesity,2025,34.26,32.5,36.02,Recent-window ordinary least squares,5,2019,2023,0.51,0.768,0.975,2.95,Moderate recent linear fit
USA,MI,asthma,2024,11.31,10.53,12.09,Recent-window ordinary least squares,5,2019,2023,-0.21,0.404,0.608,5.2,Moderate recent linear fit
USA,MI,asthma,2025,11.1,10.0,12.2,Recent-window ordinary least squares,5,2019,2023,-0.21,0.404,0.608,5.2,Moderate recent linear fit
USA,MI,copd,2024,7.81,6.99,8.63,Recent-window ordinary least squares,5,2019,2023,0.11,0.221,0.642,8.52,Moderate recent linear fit
USA,MI,copd,2025,7.92,6.76,9.08,Recent-window ordinary least squares,5,2019,2023,0.11,0.221,0.642,8.52,Moderate recent linear fit
USA,MI,depression,2024,26.11,24.93,27.29,Recent-window ordinary least squares,5,2019,2023,1.05,0.723,0.267,1.11,Moderate recent linear fit
USA,MI,depression,2025,27.16,25.5,28.82,Recent-window ordinary least squares,5,2019,2023,1.05,0.723,0.267,1.11,Moderate recent linear fit
USA,MI,diabetes,2024,10.67,9.88,11.46,Recent-window ordinary least squares,5,2019,2023,0.17,0.191,0.617,5.99,Moderate recent linear fit
USA,MI,diabetes,2025,10.84,9.72,11.96,Recent-window ordinary least squares,5,2019,2023,0.17,0.191,0.617,5.99,Moderate recent linear fit
USA,MI,obesity,2024,34.85,33.46,36.24,Recent-window ordinary least squares,5,2019,2023,-0.11,0.097,1.083,3.12,Moderate recent linear fit
USA,MI,obesity,2025,34.74,32.78,36.7,Recent-window ordinary least squares,5,2019,2023,-0.11,0.097,1.083,3.12,Moderate recent linear fit
USA,MN,asthma,2024,10.46,9.94,10.98,Recent-window ordinary least squares,5,2019,2023,0.32,0.839,0.408,4.08,Moderate recent linear fit
USA,MN,asthma,2025,10.78,10.04,11.52,Recent-window ordinary least squares,5,2019,2023,0.32,0.839,0.408,4.08,Moderate recent linear fit
USA,MN,copd,2024,4.38,3.61,5.15,Recent-window ordinary least squares,5,2019,2023,0.06,0.106,0.6,13.54,Exploratory recent linear fit
USA,MN,copd,2025,4.44,3.35,5.53,Recent-window ordinary least squares,5,2019,2023,0.06,0.106,0.6,13.54,Exploratory recent linear fit
USA,MN,depression,2024,25.35,22.75,27.95,Recent-window ordinary least squares,5,2019,2023,1.07,0.74,2.033,8.82,Moderate recent linear fit
USA,MN,depression,2025,26.42,22.74,30.1,Recent-window ordinary least squares,5,2019,2023,1.07,0.74,2.033,8.82,Moderate recent linear fit
USA,MN,diabetes,2024,9.59,8.81,10.37,Recent-window ordinary least squares,5,2019,2023,0.39,0.832,0.608,7.04,Moderate recent linear fit
USA,MN,diabetes,2025,9.98,8.88,11.08,Recent-window ordinary least squares,5,2019,2023,0.39,0.832,0.608,7.04,Moderate recent linear fit
USA,MN,obesity,2024,34.78,33.63,35.93,Recent-window ordinary least squares,5,2019,2023,0.94,0.874,0.9,2.65,Moderate recent linear fit
USA,MN,obesity,2025,35.72,34.09,37.35,Recent-window ordinary least squares,5,2019,2023,0.94,0.874,0.9,2.65,Moderate recent linear fit
USA,MO,asthma,2024,9.99,9.4,10.58,Recent-window ordinary least squares,5,2019,2023,-0.15,0.345,0.458,4.47,Moderate recent linear fit
USA,MO,asthma,2025,9.84,9.01,10.67,Recent-window ordinary least squares,5,2019,2023,-0.15,0.345,0.458,4.47,Moderate recent linear fit
USA,MO,copd,2024,7.48,7.29,7.67,Recent-window ordinary least squares,5,2019,2023,-0.06,0.321,0.15,1.98,Moderate recent linear fit
USA,MO,copd,2025,7.42,7.15,7.69,Recent-window ordinary least squares,5,2019,2023,-0.06,0.321,0.15,1.98,Moderate recent linear fit
USA,MO,depression,2024,23.36,21.6,25.12,Recent-window ordinary least squares,5,2019,2023,-0.0,0.0,1.375,5.94,Moderate recent linear fit
USA,MO,depression,2025,23.36,20.87,25.85,Recent-window ordinary least squares,5,2019,2023,-0.0,0.0,1.375,5.94,Moderate recent linear fit
USA,MO,diabetes,2024,11.07,10.89,11.25,Recent-window ordinary least squares,5,2019,2023,0.39,0.988,0.142,1.37,Moderate recent linear fit
USA,MO,diabetes,2025,11.46,11.2,11.72,Recent-window ordinary least squares,5,2019,2023,0.39,0.988,0.142,1.37,Moderate recent linear fit
USA,MO,obesity,2024,37.01,34.15,39.87,Recent-window ordinary least squares,5,2019,2023,0.43,0.228,2.233,6.01,Moderate recent linear fit
USA,MO,obesity,2025,37.44,33.4,41.48,Recent-window ordinary least squares,5,2019,2023,0.43,0.228,2.233,6.01,Moderate recent linear fit
USA,MS,asthma,2024,7.33,5.53,9.13,Recent-window ordinary least squares,5,2019,2023,-0.67,0.599,1.408,16.6,Exploratory recent linear fit
USA,MS,asthma,2025,6.66,4.11,9.21,Recent-window ordinary least squares,5,2019,2023,-0.67,0.599,1.408,16.6,Exploratory recent linear fit
USA,MS,copd,2024,7.86,5.04,10.68,Recent-window ordinary least squares,5,2019,2023,-0.18,0.076,2.2,25.78,Exploratory recent linear fit
USA,MS,copd,2025,7.68,3.7,11.66,Recent-window ordinary least squares,5,2019,2023,-0.18,0.076,2.2,25.78,Exploratory recent linear fit
USA,MS,depression,2024,19.24,17.33,21.15,Recent-window ordinary least squares,5,2019,2023,-0.38,0.394,1.492,7.43,Moderate recent linear fit
USA,MS,depression,2025,18.86,16.16,21.56,Recent-window ordinary least squares,5,2019,2023,-0.38,0.394,1.492,7.43,Moderate recent linear fit
USA,MS,diabetes,2024,15.06,14.35,15.77,Recent-window ordinary least squares,5,2019,2023,0.38,0.734,0.558,3.84,Moderate recent linear fit
USA,MS,diabetes,2025,15.44,14.43,16.45,Recent-window ordinary least squares,5,2019,2023,0.38,0.734,0.558,3.84,Moderate recent linear fit
USA,MS,obesity,2024,40.26,38.0,42.52,Recent-window ordinary least squares,5,2019,2023,-0.02,0.002,1.767,4.45,Moderate recent linear fit
USA,MS,obesity,2025,40.24,37.04,43.44,Recent-window ordinary least squares,5,2019,2023,-0.02,0.002,1.767,4.45,Moderate recent linear fit
USA,MT,asthma,2024,12.39,11.66,13.12,Recent-window ordinary least squares,5,2019,2023,0.33,0.689,0.567,4.91,Moderate recent linear fit
USA,MT,asthma,2025,12.72,11.69,13.75,Recent-window ordinary least squares,5,2019,2023,0.33,0.689,0.567,4.91,Moderate recent linear fit
USA,MT,copd,2024,5.96,4.61,7.31,Recent-window ordinary least squares,5,2019,2023,0.08,0.072,1.058,19.41,Exploratory recent linear fit
USA,MT,copd,2025,6.04,4.12,7.96,Recent-window ordinary least squares,5,2019,2023,0.08,0.072,1.058,19.41,Exploratory recent linear fit
USA,MT,depression,2024,26.03,24.15,27.91,Recent-window ordinary least squares,5,2019,2023,0.45,0.421,1.467,5.96,Moderate recent linear fit
USA,MT,depression,2025,26.48,23.83,29.13,Recent-window ordinary least squares,5,2019,2023,0.45,0.421,1.467,5.96,Moderate recent linear fit
USA,MT,diabetes,2024,8.07,7.01,9.13,Recent-window ordinary least squares,5,2019,2023,0.23,0.333,0.825,10.51,Moderate recent linear fit
USA,MT,diabetes,2025,8.3,6.81,9.79,Recent-window ordinary least squares,5,2019,2023,0.23,0.333,0.825,10.51,Moderate recent linear fit
USA,MT,obesity,2024,31.99,28.88,35.1,Recent-window ordinary least squares,5,2019,2023,0.67,0.485,2.433,7.65,Moderate recent linear fit
USA,MT,obesity,2025,32.66,28.26,37.06,Recent-window ordinary least squares,5,2019,2023,0.67,0.485,2.433,7.65,Moderate recent linear fit
USA,NC,asthma,2024,10.01,9.51,10.51,Recent-window ordinary least squares,5,2019,2023,0.35,0.8,0.392,4.2,Moderate recent linear fit
USA,NC,asthma,2025,10.36,9.65,11.07,Recent-window ordinary least squares,5,2019,2023,0.35,0.8,0.392,4.2,Moderate recent linear fit
USA,NC,copd,2024,6.3,5.71,6.89,Recent-window ordinary least squares,5,2019,2023,-0.06,0.032,0.4,6.2,Moderate recent linear fit
USA,NC,copd,2025,6.24,5.4,7.08,Recent-window ordinary least squares,5,2019,2023,-0.06,0.032,0.4,6.2,Moderate recent linear fit
USA,NC,depression,2024,23.73,22.44,25.02,Recent-window ordinary least squares,5,2019,2023,0.53,0.667,1.008,4.45,Moderate recent linear fit
USA,NC,depression,2025,24.26,22.43,26.09,Recent-window ordinary least squares,5,2019,2023,0.53,0.667,1.008,4.45,Moderate recent linear fit
USA,NC,diabetes,2024,11.05,10.57,11.53,Recent-window ordinary least squares,5,2019,2023,0.03,0.052,0.375,3.37,Moderate recent linear fit
USA,NC,diabetes,2025,11.08,10.4,11.76,Recent-window ordinary least squares,5,2019,2023,0.03,0.052,0.375,3.37,Moderate recent linear fit
USA,NC,obesity,2024,34.62,31.89,37.35,Recent-window ordinary least squares,5,2019,2023,0.06,0.007,2.133,6.04,Moderate recent linear fit
USA,NC,obesity,2025,34.68,30.82,38.54,Recent-window ordinary least squares,5,2019,2023,0.06,0.007,2.133,6.04,Moderate recent linear fit
USA,ND,asthma,2024,10.76,9.89,11.63,Recent-window ordinary least squares,5,2019,2023,0.36,0.75,0.683,6.7,Moderate recent linear fit
USA,ND,asthma,2025,11.12,9.88,12.36,Recent-window ordinary least squares,5,2019,2023,0.36,0.75,0.683,6.7,Moderate recent linear fit
USA,ND,copd,2024,4.91,4.28,5.54,Recent-window ordinary least squares,5,2019,2023,-0.03,0.02,0.492,9.87,Moderate recent linear fit
USA,ND,copd,2025,4.88,3.99,5.77,Recent-window ordinary least squares,5,2019,2023,-0.03,0.02,0.492,9.87,Moderate recent linear fit
USA,ND,depression,2024,24.07,22.98,25.16,Recent-window ordinary least squares,5,2019,2023,1.21,0.929,0.85,3.89,Moderate recent linear fit
USA,ND,depression,2025,25.28,23.74,26.82,Recent-window ordinary least squares,5,2019,2023,1.21,0.929,0.85,3.89,Moderate recent linear fit
USA,ND,diabetes,2024,9.14,8.59,9.69,Recent-window ordinary least squares,5,2019,2023,0.08,0.103,0.433,4.72,Moderate recent linear fit
USA,ND,diabetes,2025,9.22,8.44,10.0,Recent-window ordinary least squares,5,2019,2023,0.08,0.103,0.433,4.72,Moderate recent linear fit
USA,ND,obesity,2024,36.44,35.36,37.52,Recent-window ordinary least squares,5,2019,2023,0.32,0.223,0.658,1.85,Moderate recent linear fit
USA,ND,obesity,2025,36.76,35.23,38.29,Recent-window ordinary least squares,5,2019,2023,0.32,0.223,0.658,1.85,Moderate recent linear fit
USA,NE,asthma,2024,8.54,7.9,9.18,Recent-window ordinary least squares,5,2019,2023,-0.0,0.0,0.5,5.88,Moderate recent linear fit
USA,NE,asthma,2025,8.54,7.63,9.45,Recent-window ordinary least squares,5,2019,2023,-0.0,0.0,0.5,5.88,Moderate recent linear fit
USA,NE,copd,2024,4.89,4.68,5.1,Recent-window ordinary least squares,5,2019,2023,-0.03,0.061,0.075,1.52,Moderate recent linear fit
USA,NE,copd,2025,4.86,4.56,5.16,Recent-window ordinary least squares,5,2019,2023,-0.03,0.061,0.075,1.52,Moderate recent linear fit
USA,NE,depression,2024,18.9,18.0,19.8,Recent-window ordinary least squares,5,2019,2023,0.48,0.837,0.7,3.86,Moderate recent linear fit
USA,NE,depression,2025,19.38,18.11,20.65,Recent-window ordinary least squares,5,2019,2023,0.48,0.837,0.7,3.86,Moderate recent linear fit
USA,NE,diabetes,2024,9.82,8.87,10.77,Recent-window ordinary least squares,5,2019,2023,0.18,0.373,0.742,8.08,Moderate recent linear fit
USA,NE,diabetes,2025,10.0,8.66,11.34,Recent-window ordinary least squares,5,2019,2023,0.18,0.373,0.742,8.08,Moderate recent linear fit
USA,NE,obesity,2024,37.54,36.47,38.61,Recent-window ordinary least squares,5,2019,2023,0.7,0.746,0.833,2.29,Moderate recent linear fit
USA,NE,obesity,2025,38.24,36.73,39.75,Recent-window ordinary least squares,5,2019,2023,0.7,0.746,0.833,2.29,Moderate recent linear fit
USA,NH,asthma,2024,13.24,12.1,14.38,Recent-window ordinary least squares,5,2019,2023,0.18,0.228,0.892,6.73,Moderate recent linear fit
USA,NH,asthma,2025,13.42,11.81,15.03,Recent-window ordinary least squares,5,2019,2023,0.18,0.228,0.892,6.73,Moderate recent linear fit
USA,NH,copd,2024,6.45,5.52,7.38,Recent-window ordinary least squares,5,2019,2023,0.19,0.458,0.725,11.75,Moderate recent linear fit
USA,NH,copd,2025,6.64,5.33,7.95,Recent-window ordinary least squares,5,2019,2023,0.19,0.458,0.725,11.75,Moderate recent linear fit
USA,NH,depression,2024,26.51,23.13,29.89,Recent-window ordinary least squares,5,2019,2023,0.91,0.424,2.642,10.11,Moderate recent linear fit
USA,NH,depression,2025,27.42,22.64,32.2,Recent-window ordinary least squares,5,2019,2023,0.91,0.424,2.642,10.11,Moderate recent linear fit
USA,NH,diabetes,2024,7.89,6.95,8.83,Recent-window ordinary least squares,5,2019,2023,0.03,0.015,0.733,9.73,Moderate recent linear fit
USA,NH,diabetes,2025,7.92,6.59,9.25,Recent-window ordinary least squares,5,2019,2023,0.03,0.015,0.733,9.73,Moderate recent linear fit
USA,NH,obesity,2024,31.67,29.29,34.05,Recent-window ordinary least squares,5,2019,2023,0.11,0.022,1.858,5.97,Moderate recent linear fit
USA,NH,obesity,2025,31.78,28.42,35.14,Recent-window ordinary least squares,5,2019,2023,0.11,0.022,1.858,5.97,Moderate recent linear fit
USA,NJ,asthma,2024,8.2,7.72,8.68,Recent-window ordinary least squares,4,2020,2023,-0.39,0.573,0.3,3.47,Moderate recent linear fit
USA,NJ,asthma,2025,7.81,7.13,8.49,Recent-window ordinary least squares,4,2020,2023,-0.39,0.573,0.3,3.47,Moderate recent linear fit
USA,NJ,copd,2024,4.15,2.49,5.81,Recent-window ordinary least squares,4,2020,2023,-0.14,0.158,1.3,28.57,Exploratory recent linear fit
USA,NJ,copd,2025,4.01,1.66,6.36,Recent-window ordinary least squares,4,2020,2023,-0.14,0.158,1.3,28.57,Exploratory recent linear fit
USA,NJ,depression,2024,13.8,12.34,15.26,Recent-window ordinary least squares,4,2020,2023,-0.73,0.338,1.1,7.46,Moderate recent linear fit
USA,NJ,depression,2025,13.07,11.0,15.14,Recent-window ordinary least squares,4,2020,2023,-0.73,0.338,1.1,7.46,Moderate recent linear fit
USA,NJ,diabetes,2024,9.5,8.6,10.4,Recent-window ordinary least squares,4,2020,2023,0.19,0.466,0.7,7.41,Moderate recent linear fit
USA,NJ,diabetes,2025,9.69,8.42,10.96,Recent-window ordinary least squares,4,2020,2023,0.19,0.466,0.7,7.41,Moderate recent linear fit
USA,NJ,obesity,2024,29.35,28.16,30.54,Recent-window ordinary least squares,4,2020,2023,0.37,0.722,0.933,3.2,Moderate recent linear fit
USA,NJ,obesity,2025,29.72,28.03,31.41,Recent-window ordinary least squares,4,2020,2023,0.37,0.722,0.933,3.2,Moderate recent linear fit
USA,NM,asthma,2024,10.74,8.75,12.73,Recent-window ordinary least squares,5,2019,2023,0.16,0.127,1.558,14.11,Exploratory recent linear fit
USA,NM,asthma,2025,10.9,8.08,13.72,Recent-window ordinary least squares,5,2019,2023,0.16,0.127,1.558,14.11,Exploratory recent linear fit
USA,NM,copd,2024,4.29,3.78,4.8,Recent-window ordinary least squares,5,2019,2023,-0.11,0.248,0.4,8.84,Moderate recent linear fit
USA,NM,copd,2025,4.18,3.46,4.9,Recent-window ordinary least squares,5,2019,2023,-0.11,0.248,0.4,8.84,Moderate recent linear fit
USA,NM,depression,2024,25.07,24.28,25.86,Recent-window ordinary least squares,5,2019,2023,1.65,0.956,0.617,2.65,Moderate recent linear fit
USA,NM,depression,2025,26.72,25.6,27.84,Recent-window ordinary least squares,5,2019,2023,1.65,0.956,0.617,2.65,Moderate recent linear fit
USA,NM,diabetes,2024,11.08,9.81,12.35,Recent-window ordinary least squares,5,2019,2023,-0.06,0.045,0.992,8.6,Moderate recent linear fit
USA,NM,diabetes,2025,11.02,9.22,12.82,Recent-window ordinary least squares,5,2019,2023,-0.06,0.045,0.992,8.6,Moderate recent linear fit
USA,NM,obesity,2024,37.01,34.13,39.89,Recent-window ordinary least squares,5,2019,2023,1.05,0.63,2.25,6.4,Moderate recent linear fit
USA,NM,obesity,2025,38.06,33.99,42.13,Recent-window ordinary least squares,5,2019,2023,1.05,0.63,2.25,6.4,Moderate recent linear fit
USA,NV,asthma,2024,9.16,8.27,10.05,Recent-window ordinary least squares,5,2019,2023,-0.16,0.332,0.692,7.27,Moderate recent linear fit
USA,NV,asthma,2025,9.0,7.75,10.25,Recent-window ordinary least squares,5,2019,2023,-0.16,0.332,0.692,7.27,Moderate recent linear fit
USA,NV,copd,2024,6.1,5.03,7.17,Recent-window ordinary least squares,5,2019,2023,-0.16,0.333,0.833,13.78,Exploratory recent linear fit
USA,NV,copd,2025,5.94,4.43,7.45,Recent-window ordinary least squares,5,2019,2023,-0.16,0.333,0.833,13.78,Exploratory recent linear fit
USA,NV,depression,2024,20.56,17.55,23.57,Recent-window ordinary least squares,5,2019,2023,0.68,0.483,2.35,12.42,Exploratory recent linear fit
USA,NV,depression,2025,21.24,16.99,25.49,Recent-window ordinary least squares,5,2019,2023,0.68,0.483,2.35,12.42,Exploratory recent linear fit
USA,NV,diabetes,2024,10.1,7.89,12.31,Recent-window ordinary least squares,5,2019,2023,0.04,0.007,1.725,17.7,Exploratory recent linear fit
USA,NV,diabetes,2025,10.14,7.02,13.26,Recent-window ordinary least squares,5,2019,2023,0.04,0.007,1.725,17.7,Exploratory recent linear fit
USA,NV,obesity,2024,33.04,29.03,37.05,Recent-window ordinary least squares,5,2019,2023,0.68,0.267,3.133,9.61,Moderate recent linear fit
USA,NV,obesity,2025,33.72,28.05,39.39,Recent-window ordinary least squares,5,2019,2023,0.68,0.267,3.133,9.61,Moderate recent linear fit
USA,NY,asthma,2024,10.17,9.2,11.14,Recent-window ordinary least squares,5,2019,2023,-0.03,0.02,0.758,7.24,Moderate recent linear fit
USA,NY,asthma,2025,10.14,8.77,11.51,Recent-window ordinary least squares,5,2019,2023,-0.03,0.02,0.758,7.24,Moderate recent linear fit
USA,NY,copd,2024,4.44,4.13,4.75,Recent-window ordinary least squares,5,2019,2023,-0.1,0.255,0.108,2.39,Moderate recent linear fit
USA,NY,copd,2025,4.34,3.9,4.78,Recent-window ordinary least squares,5,2019,2023,-0.1,0.255,0.108,2.39,Moderate recent linear fit
USA,NY,depression,2024,18.16,16.69,19.63,Recent-window ordinary least squares,5,2019,2023,0.42,0.467,1.15,6.4,Moderate recent linear fit
USA,NY,depression,2025,18.58,16.5,20.66,Recent-window ordinary least squares,5,2019,2023,0.42,0.467,1.15,6.4,Moderate recent linear fit
USA,NY,diabetes,2024,9.92,9.16,10.68,Recent-window ordinary least squares,5,2019,2023,0.08,0.096,0.592,5.92,Moderate recent linear fit
USA,NY,diabetes,2025,10.0,8.93,11.07,Recent-window ordinary least squares,5,2019,2023,0.08,0.096,0.592,5.92,Moderate recent linear fit
USA,NY,obesity,2024,29.9,27.32,32.48,Recent-window ordinary least squares,5,2019,2023,0.56,0.35,2.017,6.79,Moderate recent linear fit
USA,NY,obesity,2025,30.46,26.81,34.11,Recent-window ordinary least squares,5,2019,2023,0.56,0.35,2.017,6.79,Moderate recent linear fit
USA,OH,asthma,2024,11.04,10.6,11.48,Recent-window ordinary least squares,5,2019,2023,-0.12,0.2,0.342,3.05,Moderate recent linear fit
USA,OH,asthma,2025,10.92,10.3,11.54,Recent-window ordinary least squares,5,2019,2023,-0.12,0.2,0.342,3.05,Moderate recent linear fit
USA,OH,copd,2024,7.38,5.73,9.03,Recent-window ordinary least squares,5,2019,2023,-0.1,0.055,1.292,16.65,Exploratory recent linear fit
USA,OH,copd,2025,7.28,4.94,9.62,Recent-window ordinary least squares,5,2019,2023,-0.1,0.055,1.292,16.65,Exploratory recent linear fit
USA,OH,depression,2024,27.81,25.96,29.66,Recent-window ordinary least squares,5,2019,2023,1.39,0.904,1.442,5.63,Moderate recent linear fit
USA,OH,depression,2025,29.2,26.59,31.81,Recent-window ordinary least squares,5,2019,2023,1.39,0.904,1.442,5.63,Moderate recent linear fit
USA,OH,diabetes,2024,11.84,11.68,12.0,Recent-window ordinary least squares,5,2019,2023,0.26,0.899,0.1,0.86,Moderate recent linear fit
USA,OH,diabetes,2025,12.1,11.88,12.32,Recent-window ordinary least squares,5,2019,2023,0.26,0.899,0.1,0.86,Moderate recent linear fit
USA,OH,obesity,2024,38.8,36.08,41.52,Recent-window ordinary least squares,5,2019,2023,0.7,0.513,2.125,5.51,Moderate recent linear fit
USA,OH,obesity,2025,39.5,35.65,43.35,Recent-window ordinary least squares,5,2019,2023,0.7,0.513,2.125,5.51,Moderate recent linear fit
USA,OK,asthma,2024,11.81,10.71,12.91,Recent-window ordinary least squares,5,2019,2023,-0.01,0.001,0.858,7.14,Moderate recent linear fit
USA,OK,asthma,2025,11.8,10.25,13.35,Recent-window ordinary least squares,5,2019,2023,-0.01,0.001,0.858,7.14,Moderate recent linear fit
USA,OK,copd,2024,6.86,6.52,7.2,Recent-window ordinary least squares,5,2019,2023,-0.24,0.837,0.267,3.69,Moderate recent linear fit
USA,OK,copd,2025,6.62,6.14,7.1,Recent-window ordinary least squares,5,2019,2023,-0.24,0.837,0.267,3.69,Moderate recent linear fit
USA,OK,depression,2024,27.69,24.95,30.43,Recent-window ordinary least squares,5,2019,2023,0.91,0.68,2.142,7.99,Moderate recent linear fit
USA,OK,depression,2025,28.6,24.72,32.48,Recent-window ordinary least squares,5,2019,2023,0.91,0.68,2.142,7.99,Moderate recent linear fit
USA,OK,diabetes,2024,11.82,11.01,12.63,Recent-window ordinary least squares,5,2019,2023,0.04,0.021,0.633,5.31,Moderate recent linear fit
USA,OK,diabetes,2025,11.86,10.71,13.01,Recent-window ordinary least squares,5,2019,2023,0.04,0.021,0.633,5.31,Moderate recent linear fit
USA,OK,obesity,2024,41.27,39.34,43.2,Recent-window ordinary least squares,5,2019,2023,0.81,0.607,1.508,3.7,Moderate recent linear fit
USA,OK,obesity,2025,42.08,39.35,44.81,Recent-window ordinary least squares,5,2019,2023,0.81,0.607,1.508,3.7,Moderate recent linear fit
USA,OR,asthma,2024,11.51,10.9,12.12,Recent-window ordinary least squares,5,2019,2023,-0.11,0.186,0.475,4.09,Moderate recent linear fit
USA,OR,asthma,2025,11.4,10.54,12.26,Recent-window ordinary least squares,5,2019,2023,-0.11,0.186,0.475,4.09,Moderate recent linear fit
USA,OR,copd,2024,5.81,5.36,6.26,Recent-window ordinary least squares,5,2019,2023,0.11,0.369,0.35,6.42,Moderate recent linear fit
USA,OR,copd,2025,5.92,5.29,6.55,Recent-window ordinary least squares,5,2019,2023,0.11,0.369,0.35,6.42,Moderate recent linear fit
USA,OR,depression,2024,26.54,24.74,28.34,Recent-window ordinary least squares,5,2019,2023,0.62,0.28,1.15,4.53,Moderate recent linear fit
USA,OR,depression,2025,27.16,24.61,29.71,Recent-window ordinary least squares,5,2019,2023,0.62,0.28,1.15,4.53,Moderate recent linear fit
USA,OR,diabetes,2024,9.99,9.78,10.2,Recent-window ordinary least squares,5,2019,2023,0.47,0.941,0.075,0.81,Moderate recent linear fit
USA,OR,diabetes,2025,10.46,10.16,10.76,Recent-window ordinary least squares,5,2019,2023,0.47,0.941,0.075,0.81,Moderate recent linear fit
USA,OR,obesity,2024,34.12,33.12,35.12,Recent-window ordinary least squares,5,2019,2023,1.22,0.871,0.783,2.4,Moderate recent linear fit
USA,OR,obesity,2025,35.34,33.92,36.76,Recent-window ordinary least squares,5,2019,2023,1.22,0.871,0.783,2.4,Moderate recent linear fit
USA,PA,asthma,2023,10.0,9.02,10.98,Recent-window ordinary least squares,4,2019,2022,-0.43,0.835,0.767,7.24,Moderate recent linear fit
USA,PA,asthma,2024,9.57,8.18,10.96,Recent-window ordinary least squares,4,2019,2022,-0.43,0.835,0.767,7.24,Moderate recent linear fit
USA,PA,copd,2023,6.45,5.6,7.3,Recent-window ordinary least squares,4,2019,2022,0.05,0.067,0.667,10.64,Moderate recent linear fit
USA,PA,copd,2024,6.5,5.29,7.71,Recent-window ordinary least squares,4,2019,2022,0.05,0.067,0.667,10.64,Moderate recent linear fit
USA,PA,depression,2023,22.1,18.99,25.21,Recent-window ordinary least squares,4,2019,2022,0.53,0.352,2.433,11.54,Moderate recent linear fit
USA,PA,depression,2024,22.63,18.23,27.03,Recent-window ordinary least squares,4,2019,2022,0.53,0.352,2.433,11.54,Moderate recent linear fit
USA,PA,diabetes,2023,10.2,9.77,10.63,Recent-window ordinary least squares,4,2019,2022,0.2,0.5,0.333,3.36,Moderate recent linear fit
USA,PA,diabetes,2024,10.4,9.8,11.0,Recent-window ordinary least squares,4,2019,2022,0.2,0.5,0.333,3.36,Moderate recent linear fit
USA,PA,obesity,2023,33.0,32.16,33.84,Recent-window ordinary least squares,4,2019,2022,0.11,0.034,0.033,0.1,Moderate recent linear fit
USA,PA,obesity,2024,33.11,31.93,34.29,Recent-window ordinary least squares,4,2019,2022,0.11,0.034,0.033,0.1,Moderate recent linear fit
USA,RI,asthma,2024,13.14,11.52,14.76,Recent-window ordinary least squares,5,2019,2023,0.12,0.09,1.267,9.48,Moderate recent linear fit
USA,RI,asthma,2025,13.26,10.97,15.55,Recent-window ordinary least squares,5,2019,2023,0.12,0.09,1.267,9.48,Moderate recent linear fit
USA,RI,copd,2024,5.63,4.71,6.55,Recent-window ordinary least squares,5,2019,2023,-0.09,0.112,0.717,13.0,Exploratory recent linear fit
USA,RI,copd,2025,5.54,4.24,6.84,Recent-window ordinary least squares,5,2019,2023,-0.09,0.112,0.717,13.0,Exploratory recent linear fit
USA,RI,depression,2024,24.07,20.75,27.39,Recent-window ordinary least squares,5,2019,2023,0.63,0.458,2.592,10.79,Moderate recent linear fit
USA,RI,depression,2025,24.7,20.01,29.39,Recent-window ordinary least squares,5,2019,2023,0.63,0.458,2.592,10.79,Moderate recent linear fit
USA,RI,diabetes,2024,10.38,9.62,11.14,Recent-window ordinary least squares,5,2019,2023,0.28,0.731,0.592,6.03,Moderate recent linear fit
USA,RI,diabetes,2025,10.66,9.59,11.73,Recent-window ordinary least squares,5,2019,2023,0.28,0.731,0.592,6.03,Moderate recent linear fit
USA,RI,obesity,2024,32.31,31.55,33.07,Recent-window ordinary least squares,5,2019,2023,0.47,0.795,0.592,1.87,Moderate recent linear fit
USA,RI,obesity,2025,32.78,31.71,33.85,Recent-window ordinary least squares,5,2019,2023,0.47,0.795,0.592,1.87,Moderate recent linear fit
USA,SC,asthma,2024,8.04,7.66,8.42,Recent-window ordinary least squares,5,2019,2023,-0.48,0.949,0.3,3.4,Moderate recent linear fit
USA,SC,asthma,2025,7.56,7.02,8.1,Recent-window ordinary least squares,5,2019,2023,-0.48,0.949,0.3,3.4,Moderate recent linear fit
USA,SC,copd,2024,6.44,6.14,6.74,Recent-window ordinary least squares,5,2019,2023,-0.18,0.88,0.233,3.52,Moderate recent linear fit
USA,SC,copd,2025,6.26,5.84,6.68,Recent-window ordinary least squares,5,2019,2023,-0.18,0.88,0.233,3.52,Moderate recent linear fit
USA,SC,depression,2024,22.29,20.73,23.85,Recent-window ordinary least squares,5,2019,2023,0.37,0.308,1.217,5.63,Moderate recent linear fit
USA,SC,depression,2025,22.66,20.46,24.86,Recent-window ordinary least squares,5,2019,2023,0.37,0.308,1.217,5.63,Moderate recent linear fit
USA,SC,diabetes,2024,12.24,10.53,13.95,Recent-window ordinary least squares,5,2019,2023,0.1,0.072,1.333,11.23,Moderate recent linear fit
USA,SC,diabetes,2025,12.34,9.93,14.75,Recent-window ordinary least squares,5,2019,2023,0.1,0.072,1.333,11.23,Moderate recent linear fit
USA,SC,obesity,2024,36.12,34.94,37.3,Recent-window ordinary least squares,5,2019,2023,0.02,0.003,0.925,2.55,Moderate recent linear fit
USA,SC,obesity,2025,36.14,34.47,37.81,Recent-window ordinary least squares,5,2019,2023,0.02,0.003,0.925,2.55,Moderate recent linear fit
USA,SD,asthma,2024,9.09,8.04,10.14,Recent-window ordinary least squares,5,2019,2023,0.01,0.002,0.817,9.12,Moderate recent linear fit
USA,SD,asthma,2025,9.1,7.62,10.58,Recent-window ordinary least squares,5,2019,2023,0.01,0.002,0.817,9.12,Moderate recent linear fit
USA,SD,copd,2024,5.82,4.69,6.95,Recent-window ordinary least squares,5,2019,2023,0.08,0.081,0.883,14.99,Exploratory recent linear fit
USA,SD,copd,2025,5.9,4.3,7.5,Recent-window ordinary least squares,5,2019,2023,0.08,0.081,0.883,14.99,Exploratory recent linear fit
USA,SD,depression,2024,23.01,18.03,27.99,Recent-window ordinary least squares,5,2019,2023,1.43,0.588,3.892,19.59,Exploratory recent linear fit
USA,SD,depression,2025,24.44,17.4,31.48,Recent-window ordinary least squares,5,2019,2023,1.43,0.588,3.892,19.59,Exploratory recent linear fit
USA,SD,diabetes,2024,10.11,8.01,12.21,Recent-window ordinary least squares,5,2019,2023,0.39,0.187,1.642,17.82,Exploratory recent linear fit
USA,SD,diabetes,2025,10.5,7.53,13.47,Recent-window ordinary least squares,5,2019,2023,0.39,0.187,1.642,17.82,Exploratory recent linear fit
USA,SD,obesity,2024,39.08,34.45,43.71,Recent-window ordinary least squares,5,2019,2023,1.08,0.462,3.617,9.34,Moderate recent linear fit
USA,SD,obesity,2025,40.16,33.61,46.71,Recent-window ordinary least squares,5,2019,2023,1.08,0.462,3.617,9.34,Moderate recent linear fit
USA,TN,asthma,2024,12.05,10.4,13.7,Recent-window ordinary least squares,5,2019,2023,0.33,0.451,1.292,10.76,Moderate recent linear fit
USA,TN,asthma,2025,12.38,10.04,14.72,Recent-window ordinary least squares,5,2019,2023,0.33,0.451,1.292,10.76,Moderate recent linear fit
USA,TN,copd,2024,10.18,8.41,11.95,Recent-window ordinary least squares,5,2019,2023,0.28,0.336,1.383,13.82,Exploratory recent linear fit
USA,TN,copd,2025,10.46,7.96,12.96,Recent-window ordinary least squares,5,2019,2023,0.28,0.336,1.383,13.82,Exploratory recent linear fit
USA,TN,depression,2024,30.08,25.65,34.51,Recent-window ordinary least squares,5,2019,2023,1.1,0.562,3.458,12.18,Exploratory recent linear fit
USA,TN,depression,2025,31.18,24.92,37.44,Recent-window ordinary least squares,5,2019,2023,1.1,0.562,3.458,12.18,Exploratory recent linear fit
USA,TN,diabetes,2024,13.01,12.36,13.66,Recent-window ordinary least squares,5,2019,2023,0.13,0.308,0.508,3.95,Moderate recent linear fit
USA,TN,diabetes,2025,13.14,12.22,14.06,Recent-window ordinary least squares,5,2019,2023,0.13,0.308,0.508,3.95,Moderate recent linear fit
USA,TN,obesity,2024,38.83,35.77,41.89,Recent-window ordinary least squares,5,2019,2023,0.61,0.402,2.392,6.44,Moderate recent linear fit
USA,TN,obesity,2025,39.44,35.11,43.77,Recent-window ordinary least squares,5,2019,2023,0.61,0.402,2.392,6.44,Moderate recent linear fit
USA,TX,asthma,2024,8.5,7.11,9.89,Recent-window ordinary least squares,5,2019,2023,0.08,0.055,1.083,12.34,Exploratory recent linear fit
USA,TX,asthma,2025,8.58,6.62,10.54,Recent-window ordinary least squares,5,2019,2023,0.08,0.055,1.083,12.34,Exploratory recent linear fit
USA,TX,copd,2024,5.27,4.3,6.24,Recent-window ordinary least squares,5,2019,2023,0.01,0.001,0.758,13.87,Exploratory recent linear fit
USA,TX,copd,2025,5.28,3.91,6.65,Recent-window ordinary least squares,5,2019,2023,0.01,0.001,0.758,13.87,Exploratory recent linear fit
USA,TX,depression,2024,20.7,20.44,20.96,Recent-window ordinary least squares,5,2019,2023,0.72,0.983,0.2,1.02,Moderate recent linear fit
USA,TX,depression,2025,21.42,21.06,21.78,Recent-window ordinary least squares,5,2019,2023,0.72,0.983,0.2,1.02,Moderate recent linear fit
USA,TX,diabetes,2024,12.64,10.54,14.74,Recent-window ordinary least squares,5,2019,2023,0.16,0.101,1.642,13.31,Exploratory recent linear fit
USA,TX,diabetes,2025,12.8,9.83,15.77,Recent-window ordinary least squares,5,2019,2023,0.16,0.101,1.642,13.31,Exploratory recent linear fit
USA,TX,obesity,2024,35.55,33.04,38.06,Recent-window ordinary least squares,5,2019,2023,0.09,0.026,1.958,5.43,Moderate recent linear fit
USA,TX,obesity,2025,35.64,32.1,39.18,Recent-window ordinary least squares,5,2019,2023,0.09,0.026,1.958,5.43,Moderate recent linear fit
USA,UT,asthma,2024,10.79,10.34,11.24,Recent-window ordinary least squares,5,2019,2023,-0.09,0.117,0.108,0.99,Moderate recent linear fit
USA,UT,asthma,2025,10.7,10.07,11.33,Recent-window ordinary least squares,5,2019,2023,-0.09,0.117,0.108,0.99,Moderate recent linear fit
USA,UT,copd,2024,3.97,3.53,4.41,Recent-window ordinary least squares,5,2019,2023,-0.09,0.321,0.342,8.26,Moderate recent linear fit
USA,UT,copd,2025,3.88,3.26,4.5,Recent-window ordinary least squares,5,2019,2023,-0.09,0.321,0.342,8.26,Moderate recent linear fit
USA,UT,depression,2024,26.92,25.15,28.69,Recent-window ordinary least squares,5,2019,2023,0.88,0.839,1.383,5.4,Moderate recent linear fit
USA,UT,depression,2025,27.8,25.3,30.3,Recent-window ordinary least squares,5,2019,2023,0.88,0.839,1.383,5.4,Moderate recent linear fit
USA,UT,diabetes,2024,8.47,7.37,9.57,Recent-window ordinary least squares,5,2019,2023,-0.01,0.002,0.858,9.94,Moderate recent linear fit
USA,UT,diabetes,2025,8.46,6.91,10.01,Recent-window ordinary least squares,5,2019,2023,-0.01,0.002,0.858,9.94,Moderate recent linear fit
USA,UT,obesity,2024,32.05,30.82,33.28,Recent-window ordinary least squares,5,2019,2023,0.45,0.435,0.958,3.02,Moderate recent linear fit
USA,UT,obesity,2025,32.5,30.77,34.23,Recent-window ordinary least squares,5,2019,2023,0.45,0.435,0.958,3.02,Moderate recent linear fit
USA,VA,asthma,2024,10.46,9.36,11.56,Recent-window ordinary least squares,5,2019,2023,0.18,0.298,0.858,8.19,Moderate recent linear fit
USA,VA,asthma,2025,10.64,9.09,12.19,Recent-window ordinary least squares,5,2019,2023,0.18,0.298,0.858,8.19,Moderate recent linear fit
USA,VA,copd,2024,6.52,5.91,7.13,Recent-window ordinary least squares,5,2019,2023,0.16,0.308,0.475,7.73,Moderate recent linear fit
USA,VA,copd,2025,6.68,5.82,7.54,Recent-window ordinary least squares,5,2019,2023,0.16,0.308,0.475,7.73,Moderate recent linear fit
USA,VA,depression,2024,23.15,20.5,25.8,Recent-window ordinary least squares,5,2019,2023,1.19,0.741,2.067,9.36,Moderate recent linear fit
USA,VA,depression,2025,24.34,20.6,28.08,Recent-window ordinary least squares,5,2019,2023,1.19,0.741,2.067,9.36,Moderate recent linear fit
USA,VA,diabetes,2024,11.06,9.75,12.37,Recent-window ordinary least squares,5,2019,2023,0.24,0.432,1.025,9.44,Moderate recent linear fit
USA,VA,diabetes,2025,11.3,9.44,13.16,Recent-window ordinary least squares,5,2019,2023,0.24,0.432,1.025,9.44,Moderate recent linear fit
USA,VA,obesity,2024,36.18,34.71,37.65,Recent-window ordinary least squares,5,2019,2023,0.84,0.778,1.15,3.24,Moderate recent linear fit
USA,VA,obesity,2025,37.02,34.94,39.1,Recent-window ordinary least squares,5,2019,2023,0.84,0.778,1.15,3.24,Moderate recent linear fit
USA,VT,asthma,2024,12.07,10.52,13.62,Recent-window ordinary least squares,5,2019,2023,-0.15,0.101,1.208,9.65,Moderate recent linear fit
USA,VT,asthma,2025,11.92,9.73,14.11,Recent-window ordinary least squares,5,2019,2023,-0.15,0.101,1.208,9.65,Moderate recent linear fit
USA,VT,copd,2024,5.61,5.06,6.16,Recent-window ordinary least squares,5,2019,2023,0.01,0.003,0.433,7.63,Moderate recent linear fit
USA,VT,copd,2025,5.62,4.84,6.4,Recent-window ordinary least squares,5,2019,2023,0.01,0.003,0.433,7.63,Moderate recent linear fit
USA,VT,depression,2024,28.74,27.17,30.31,Recent-window ordinary least squares,5,2019,2023,1.14,0.875,1.225,4.53,Moderate recent linear fit
USA,VT,depression,2025,29.88,27.66,32.1,Recent-window ordinary least squares,5,2019,2023,1.14,0.875,1.225,4.53,Moderate recent linear fit
USA,VT,diabetes,2024,7.54,6.92,8.16,Recent-window ordinary least squares,5,2019,2023,0.1,0.169,0.483,6.6,Moderate recent linear fit
USA,VT,diabetes,2025,7.64,6.77,8.51,Recent-window ordinary least squares,5,2019,2023,0.1,0.169,0.483,6.6,Moderate recent linear fit
USA,VT,obesity,2024,29.46,26.61,32.31,Recent-window ordinary least squares,5,2019,2023,0.54,0.324,2.225,7.8,Moderate recent linear fit
USA,VT,obesity,2025,30.0,25.97,34.03,Recent-window ordinary least squares,5,2019,2023,0.54,0.324,2.225,7.8,Moderate recent linear fit
USA,WA,asthma,2024,11.01,10.34,11.68,Recent-window ordinary least squares,5,2019,2023,0.09,0.197,0.525,4.75,Moderate recent linear fit
USA,WA,asthma,2025,11.1,10.15,12.05,Recent-window ordinary least squares,5,2019,2023,0.09,0.197,0.525,4.75,Moderate recent linear fit
USA,WA,copd,2024,4.13,3.59,4.67,Recent-window ordinary least squares,5,2019,2023,-0.17,0.543,0.425,9.62,Moderate recent linear fit
USA,WA,copd,2025,3.96,3.19,4.73,Recent-window ordinary least squares,5,2019,2023,-0.17,0.543,0.425,9.62,Moderate recent linear fit
USA,WA,depression,2024,24.86,22.72,27.0,Recent-window ordinary least squares,5,2019,2023,0.18,0.127,1.675,6.84,Moderate recent linear fit
USA,WA,depression,2025,25.04,22.01,28.07,Recent-window ordinary least squares,5,2019,2023,0.18,0.127,1.675,6.84,Moderate recent linear fit
USA,WA,diabetes,2024,8.63,7.66,9.6,Recent-window ordinary least squares,5,2019,2023,0.09,0.111,0.758,9.3,Moderate recent linear fit
USA,WA,diabetes,2025,8.72,7.35,10.09,Recent-window ordinary least squares,5,2019,2023,0.09,0.111,0.758,9.3,Moderate recent linear fit
USA,WA,obesity,2024,32.1,29.64,34.56,Recent-window ordinary least squares,5,2019,2023,0.88,0.726,1.925,6.31,Moderate recent linear fit
USA,WA,obesity,2025,32.98,29.5,36.46,Recent-window ordinary least squares,5,2019,2023,0.88,0.726,1.925,6.31,Moderate recent linear fit
USA,WI,asthma,2024,11.12,10.95,11.29,Recent-window ordinary least squares,5,2019,2023,0.04,0.4,0.133,1.2,Moderate recent linear fit
USA,WI,asthma,2025,11.16,10.92,11.4,Recent-window ordinary least squares,5,2019,2023,0.04,0.4,0.133,1.2,Moderate recent linear fit
USA,WI,copd,2024,5.61,4.61,6.61,Recent-window ordinary least squares,5,2019,2023,0.17,0.391,0.783,14.55,Exploratory recent linear fit
USA,WI,copd,2025,5.78,4.36,7.2,Recent-window ordinary least squares,5,2019,2023,0.17,0.391,0.783,14.55,Exploratory recent linear fit
USA,WI,depression,2024,24.75,22.36,27.14,Recent-window ordinary least squares,5,2019,2023,0.87,0.712,1.867,8.15,Moderate recent linear fit
USA,WI,depression,2025,25.62,22.24,29.0,Recent-window ordinary least squares,5,2019,2023,0.87,0.712,1.867,8.15,Moderate recent linear fit
USA,WI,diabetes,2024,9.96,9.25,10.67,Recent-window ordinary least squares,5,2019,2023,0.54,0.931,0.558,6.29,Moderate recent linear fit
USA,WI,diabetes,2025,10.5,9.49,11.51,Recent-window ordinary least squares,5,2019,2023,0.54,0.931,0.558,6.29,Moderate recent linear fit
USA,WI,obesity,2024,37.48,32.87,42.09,Recent-window ordinary least squares,5,2019,2023,0.86,0.402,3.6,10.07,Moderate recent linear fit
USA,WI,obesity,2025,38.34,31.82,44.86,Recent-window ordinary least squares,5,2019,2023,0.86,0.402,3.6,10.07,Moderate recent linear fit
USA,WV,asthma,2024,13.98,13.07,14.89,Recent-window ordinary least squares,5,2019,2023,0.3,0.487,0.708,5.27,Moderate recent linear fit
USA,WV,asthma,2025,14.28,13.0,15.56,Recent-window ordinary least squares,5,2019,2023,0.3,0.487,0.708,5.27,Moderate recent linear fit
USA,WV,copd,2024,11.62,10.32,12.92,Recent-window ordinary least squares,5,2019,2023,0.06,0.019,1.017,8.63,Moderate recent linear fit
USA,WV,copd,2025,11.68,9.84,13.52,Recent-window ordinary least squares,5,2019,2023,0.06,0.019,1.017,8.63,Moderate recent linear fit
USA,WV,depression,2024,31.29,27.42,35.16,Recent-window ordinary least squares,5,2019,2023,0.61,0.191,3.025,10.11,Moderate recent linear fit
USA,WV,depression,2025,31.9,26.42,37.38,Recent-window ordinary least squares,5,2019,2023,0.61,0.191,3.025,10.11,Moderate recent linear fit
USA,WV,diabetes,2024,15.43,14.35,16.51,Recent-window ordinary least squares,5,2019,2023,0.51,0.828,0.842,5.92,Moderate recent linear fit
USA,WV,diabetes,2025,15.94,14.42,17.46,Recent-window ordinary least squares,5,2019,2023,0.51,0.828,0.842,5.92,Moderate recent linear fit
USA,WV,obesity,2024,42.87,42.52,43.22,Recent-window ordinary least squares,5,2019,2023,0.69,0.926,0.075,0.18,Moderate recent linear fit
USA,WV,obesity,2025,43.56,43.06,44.06,Recent-window ordinary least squares,5,2019,2023,0.69,0.926,0.075,0.18,Moderate recent linear fit
USA,WY,asthma,2024,10.37,9.64,11.1,Recent-window ordinary least squares,5,2019,2023,-0.01,0.001,0.567,5.4,Moderate recent linear fit
USA,WY,asthma,2025,10.36,9.33,11.39,Recent-window ordinary least squares,5,2019,2023,-0.01,0.001,0.567,5.4,Moderate recent linear fit
USA,WY,copd,2024,6.45,5.49,7.41,Recent-window ordinary least squares,5,2019,2023,0.17,0.384,0.75,12.65,Exploratory recent linear fit
USA,WY,copd,2025,6.62,5.26,7.98,Recent-window ordinary least squares,5,2019,2023,0.17,0.384,0.75,12.65,Exploratory recent linear fit
USA,WY,depression,2024,23.79,22.22,25.36,Recent-window ordinary least squares,5,2019,2023,0.91,0.708,1.225,5.33,Moderate recent linear fit
USA,WY,depression,2025,24.7,22.48,26.92,Recent-window ordinary least squares,5,2019,2023,0.91,0.708,1.225,5.33,Moderate recent linear fit
USA,WY,diabetes,2024,9.63,8.98,10.28,Recent-window ordinary least squares,5,2019,2023,0.57,0.896,0.508,5.75,Moderate recent linear fit
USA,WY,diabetes,2025,10.2,9.28,11.12,Recent-window ordinary least squares,5,2019,2023,0.57,0.896,0.508,5.75,Moderate recent linear fit
USA,WY,obesity,2024,35.72,33.48,37.96,Recent-window ordinary least squares,5,2019,2023,1.2,0.847,1.75,5.07,Moderate recent linear fit
USA,WY,obesity,2025,36.92,33.75,40.09,Recent-window ordinary least squares,5,2019,2023,1.2,0.847,1.75,5.07,Moderate recent linear fit
