country,area_code,area_name,year,health_index,unit,source_name,source_url
UK,E12000001,North East,2015,94.3,Index (England 2015 = 100; higher is better),Office for National Statistics Health Index,https://www.ons.gov.uk/peoplepopulationandcommunity/healthandsocialcare/healthandwellbeing/datasets/healthindexscoresengland
UK,E12000001,North East,2016,95.1,Index (England 2015 = 100; higher is better),Office for National Statistics Health Index,https://www.ons.gov.uk/peoplepopulationandcommunity/healthandsocialcare/healthandwellbeing/datasets/healthindexscoresengland
UK,E12000001,North East,2017,94.6,Index (England 2015 = 100; higher is better),Office for National Statistics Health Index,https://www.ons.gov.uk/peoplepopulationandcommunity/healthandsocialcare/healthandwellbeing/datasets/healthindexscoresengland
UK,E12000001,North East,2018,93.9,Index (England 2015 = 100; higher is better),Office for National Statistics Health Index,https://www.ons.gov.uk/peoplepopulationandcommunity/healthandsocialcare/healthandwellbeing/datasets/healthindexscoresengland
UK,E12000001,North East,2019,93.8,Index (England 2015 = 100; higher is better),Office for National Statistics Health Index,https://www.ons.gov.uk/peoplepopulationandcommunity/healthandsocialcare/healthandwellbeing/datasets/healthindexscoresengland
UK,E12000001,North East,2020,93.4,Index (England 2015 = 100; higher is better),Office for National Statistics Health Index,https://www.ons.gov.uk/peoplepopulationandcommunity/healthandsocialcare/healthandwellbeing/datasets/healthindexscoresengland
UK,E12000001,North East,2021,93.8,Index (England 2015 = 100; higher is better),Office for National Statistics Health Index,https://www.ons.gov.uk/peoplepopulationandcommunity/healthandsocialcare/healthandwellbeing/datasets/healthindexscoresengland
UK,E12000002,North West,2015,95.8,Index (England 2015 = 100; higher is better),Office for National Statistics Health Index,https://www.ons.gov.uk/peoplepopulationandcommunity/healthandsocialcare/healthandwellbeing/datasets/healthindexscoresengland
UK,E12000002,North West,2016,96.3,Index (England 2015 = 100; higher is better),Office for National Statistics Health Index,https://www.ons.gov.uk/peoplepopulationandcommunity/healthandsocialcare/healthandwellbeing/datasets/healthindexscoresengland
UK,E12000002,North West,2017,97.2,Index (England 2015 = 100; higher is better),Office for National Statistics Health Index,https://www.ons.gov.uk/peoplepopulationandcommunity/healthandsocialcare/healthandwellbeing/datasets/healthindexscoresengland
UK,E12000002,North West,2018,97.1,Index (England 2015 = 100; higher is better),Office for National Statistics Health Index,https://www.ons.gov.uk/peoplepopulationandcommunity/healthandsocialcare/healthandwellbeing/datasets/healthindexscoresengland
UK,E12000002,North West,2019,97.2,Index (England 2015 = 100; higher is better),Office for National Statistics Health Index,https://www.ons.gov.uk/peoplepopulationandcommunity/healthandsocialcare/healthandwellbeing/datasets/healthindexscoresengland
UK,E12000002,North West,2020,96.2,Index (England 2015 = 100; higher is better),Office for National Statistics Health Index,https://www.ons.gov.uk/peoplepopulationandcommunity/healthandsocialcare/healthandwellbeing/datasets/healthindexscoresengland
UK,E12000002,North West,2021,96.4,Index (England 2015 = 100; higher is better),Office for National Statistics Health Index,https://www.ons.gov.uk/peoplepopulationandcommunity/healthandsocialcare/healthandwellbeing/datasets/healthindexscoresengland
UK,E12000003,Yorkshire and the Humber,2015,96.3,Index (England 2015 = 100; higher is better),Office for National Statistics Health Index,https://www.ons.gov.uk/peoplepopulationandcommunity/healthandsocialcare/healthandwellbeing/datasets/healthindexscoresengland
UK,E12000003,Yorkshire and the Humber,2016,96.8,Index (England 2015 = 100; higher is better),Office for National Statistics Health Index,https://www.ons.gov.uk/peoplepopulationandcommunity/healthandsocialcare/healthandwellbeing/datasets/healthindexscoresengland
UK,E12000003,Yorkshire and the Humber,2017,97.1,Index (England 2015 = 100; higher is better),Office for National Statistics Health Index,https://www.ons.gov.uk/peoplepopulationandcommunity/healthandsocialcare/healthandwellbeing/datasets/healthindexscoresengland
UK,E12000003,Yorkshire and the Humber,2018,96.7,Index (England 2015 = 100; higher is better),Office for National Statistics Health Index,https://www.ons.gov.uk/peoplepopulationandcommunity/healthandsocialcare/healthandwellbeing/datasets/healthindexscoresengland
UK,E12000003,Yorkshire and the Humber,2019,96.1,Index (England 2015 = 100; higher is better),Office for National Statistics Health Index,https://www.ons.gov.uk/peoplepopulationandcommunity/healthandsocialcare/healthandwellbeing/datasets/healthindexscoresengland
UK,E12000003,Yorkshire and the Humber,2020,95.9,Index (England 2015 = 100; higher is better),Office for National Statistics Health Index,https://www.ons.gov.uk/peoplepopulationandcommunity/healthandsocialcare/healthandwellbeing/datasets/healthindexscoresengland
UK,E12000003,Yorkshire and the Humber,2021,96.5,Index (England 2015 = 100; higher is better),Office for National Statistics Health Index,https://www.ons.gov.uk/peoplepopulationandcommunity/healthandsocialcare/healthandwellbeing/datasets/healthindexscoresengland
UK,E12000004,East Midlands,2015,101.6,Index (England 2015 = 100; higher is better),Office for National Statistics Health Index,https://www.ons.gov.uk/peoplepopulationandcommunity/healthandsocialcare/healthandwellbeing/datasets/healthindexscoresengland
UK,E12000004,East Midlands,2016,101.5,Index (England 2015 = 100; higher is better),Office for National Statistics Health Index,https://www.ons.gov.uk/peoplepopulationandcommunity/healthandsocialcare/healthandwellbeing/datasets/healthindexscoresengland
UK,E12000004,East Midlands,2017,100.9,Index (England 2015 = 100; higher is better),Office for National Statistics Health Index,https://www.ons.gov.uk/peoplepopulationandcommunity/healthandsocialcare/healthandwellbeing/datasets/healthindexscoresengland
UK,E12000004,East Midlands,2018,101.1,Index (England 2015 = 100; higher is better),Office for National Statistics Health Index,https://www.ons.gov.uk/peoplepopulationandcommunity/healthandsocialcare/healthandwellbeing/datasets/healthindexscoresengland
UK,E12000004,East Midlands,2019,101.8,Index (England 2015 = 100; higher is better),Office for National Statistics Health Index,https://www.ons.gov.uk/peoplepopulationandcommunity/healthandsocialcare/healthandwellbeing/datasets/healthindexscoresengland
UK,E12000004,East Midlands,2020,101.3,Index (England 2015 = 100; higher is better),Office for National Statistics Health Index,https://www.ons.gov.uk/peoplepopulationandcommunity/healthandsocialcare/healthandwellbeing/datasets/healthindexscoresengland
UK,E12000004,East Midlands,2021,101.0,Index (England 2015 = 100; higher is better),Office for National Statistics Health Index,https://www.ons.gov.uk/peoplepopulationandcommunity/healthandsocialcare/healthandwellbeing/datasets/healthindexscoresengland
UK,E12000005,West Midlands,2015,97.1,Index (England 2015 = 100; higher is better),Office for National Statistics Health Index,https://www.ons.gov.uk/peoplepopulationandcommunity/healthandsocialcare/healthandwellbeing/datasets/healthindexscoresengland
UK,E12000005,West Midlands,2016,97.6,Index (England 2015 = 100; higher is better),Office for National Statistics Health Index,https://www.ons.gov.uk/peoplepopulationandcommunity/healthandsocialcare/healthandwellbeing/datasets/healthindexscoresengland
UK,E12000005,West Midlands,2017,97.5,Index (England 2015 = 100; higher is better),Office for National Statistics Health Index,https://www.ons.gov.uk/peoplepopulationandcommunity/healthandsocialcare/healthandwellbeing/datasets/healthindexscoresengland
UK,E12000005,West Midlands,2018,97.1,Index (England 2015 = 100; higher is better),Office for National Statistics Health Index,https://www.ons.gov.uk/peoplepopulationandcommunity/healthandsocialcare/healthandwellbeing/datasets/healthindexscoresengland
UK,E12000005,West Midlands,2019,96.7,Index (England 2015 = 100; higher is better),Office for National Statistics Health Index,https://www.ons.gov.uk/peoplepopulationandcommunity/healthandsocialcare/healthandwellbeing/datasets/healthindexscoresengland
UK,E12000005,West Midlands,2020,95.7,Index (England 2015 = 100; higher is better),Office for National Statistics Health Index,https://www.ons.gov.uk/peoplepopulationandcommunity/healthandsocialcare/healthandwellbeing/datasets/healthindexscoresengland
UK,E12000005,West Midlands,2021,96.5,Index (England 2015 = 100; higher is better),Office for National Statistics Health Index,https://www.ons.gov.uk/peoplepopulationandcommunity/healthandsocialcare/healthandwellbeing/datasets/healthindexscoresengland
UK,E12000006,East of England,2015,104.2,Index (England 2015 = 100; higher is better),Office for National Statistics Health Index,https://www.ons.gov.uk/peoplepopulationandcommunity/healthandsocialcare/healthandwellbeing/datasets/healthindexscoresengland
UK,E12000006,East of England,2016,104.6,Index (England 2015 = 100; higher is better),Office for National Statistics Health Index,https://www.ons.gov.uk/peoplepopulationandcommunity/healthandsocialcare/healthandwellbeing/datasets/healthindexscoresengland
UK,E12000006,East of England,2017,104.8,Index (England 2015 = 100; higher is better),Office for National Statistics Health Index,https://www.ons.gov.uk/peoplepopulationandcommunity/healthandsocialcare/healthandwellbeing/datasets/healthindexscoresengland
UK,E12000006,East of England,2018,104.5,Index (England 2015 = 100; higher is better),Office for National Statistics Health Index,https://www.ons.gov.uk/peoplepopulationandcommunity/healthandsocialcare/healthandwellbeing/datasets/healthindexscoresengland
UK,E12000006,East of England,2019,104.6,Index (England 2015 = 100; higher is better),Office for National Statistics Health Index,https://www.ons.gov.uk/peoplepopulationandcommunity/healthandsocialcare/healthandwellbeing/datasets/healthindexscoresengland
UK,E12000006,East of England,2020,104.1,Index (England 2015 = 100; higher is better),Office for National Statistics Health Index,https://www.ons.gov.uk/peoplepopulationandcommunity/healthandsocialcare/healthandwellbeing/datasets/healthindexscoresengland
UK,E12000006,East of England,2021,105.4,Index (England 2015 = 100; higher is better),Office for National Statistics Health Index,https://www.ons.gov.uk/peoplepopulationandcommunity/healthandsocialcare/healthandwellbeing/datasets/healthindexscoresengland
UK,E12000007,London,2015,98.3,Index (England 2015 = 100; higher is better),Office for National Statistics Health Index,https://www.ons.gov.uk/peoplepopulationandcommunity/healthandsocialcare/healthandwellbeing/datasets/healthindexscoresengland
UK,E12000007,London,2016,99.2,Index (England 2015 = 100; higher is better),Office for National Statistics Health Index,https://www.ons.gov.uk/peoplepopulationandcommunity/healthandsocialcare/healthandwellbeing/datasets/healthindexscoresengland
UK,E12000007,London,2017,99.0,Index (England 2015 = 100; higher is better),Office for National Statistics Health Index,https://www.ons.gov.uk/peoplepopulationandcommunity/healthandsocialcare/healthandwellbeing/datasets/healthindexscoresengland
UK,E12000007,London,2018,99.8,Index (England 2015 = 100; higher is better),Office for National Statistics Health Index,https://www.ons.gov.uk/peoplepopulationandcommunity/healthandsocialcare/healthandwellbeing/datasets/healthindexscoresengland
UK,E12000007,London,2019,100.1,Index (England 2015 = 100; higher is better),Office for National Statistics Health Index,https://www.ons.gov.uk/peoplepopulationandcommunity/healthandsocialcare/healthandwellbeing/datasets/healthindexscoresengland
UK,E12000007,London,2020,99.2,Index (England 2015 = 100; higher is better),Office for National Statistics Health Index,https://www.ons.gov.uk/peoplepopulationandcommunity/healthandsocialcare/healthandwellbeing/datasets/healthindexscoresengland
UK,E12000007,London,2021,100.3,Index (England 2015 = 100; higher is better),Office for National Statistics Health Index,https://www.ons.gov.uk/peoplepopulationandcommunity/healthandsocialcare/healthandwellbeing/datasets/healthindexscoresengland
UK,E12000008,South East,2015,105.1,Index (England 2015 = 100; higher is better),Office for National Statistics Health Index,https://www.ons.gov.uk/peoplepopulationandcommunity/healthandsocialcare/healthandwellbeing/datasets/healthindexscoresengland
UK,E12000008,South East,2016,105.5,Index (England 2015 = 100; higher is better),Office for National Statistics Health Index,https://www.ons.gov.uk/peoplepopulationandcommunity/healthandsocialcare/healthandwellbeing/datasets/healthindexscoresengland
UK,E12000008,South East,2017,106.4,Index (England 2015 = 100; higher is better),Office for National Statistics Health Index,https://www.ons.gov.uk/peoplepopulationandcommunity/healthandsocialcare/healthandwellbeing/datasets/healthindexscoresengland
UK,E12000008,South East,2018,106.3,Index (England 2015 = 100; higher is better),Office for National Statistics Health Index,https://www.ons.gov.uk/peoplepopulationandcommunity/healthandsocialcare/healthandwellbeing/datasets/healthindexscoresengland
UK,E12000008,South East,2019,106.2,Index (England 2015 = 100; higher is better),Office for National Statistics Health Index,https://www.ons.gov.uk/peoplepopulationandcommunity/healthandsocialcare/healthandwellbeing/datasets/healthindexscoresengland
UK,E12000008,South East,2020,105.0,Index (England 2015 = 100; higher is better),Office for National Statistics Health Index,https://www.ons.gov.uk/peoplepopulationandcommunity/healthandsocialcare/healthandwellbeing/datasets/healthindexscoresengland
UK,E12000008,South East,2021,106.1,Index (England 2015 = 100; higher is better),Office for National Statistics Health Index,https://www.ons.gov.uk/peoplepopulationandcommunity/healthandsocialcare/healthandwellbeing/datasets/healthindexscoresengland
UK,E12000009,South West,2015,103.4,Index (England 2015 = 100; higher is better),Office for National Statistics Health Index,https://www.ons.gov.uk/peoplepopulationandcommunity/healthandsocialcare/healthandwellbeing/datasets/healthindexscoresengland
UK,E12000009,South West,2016,104.0,Index (England 2015 = 100; higher is better),Office for National Statistics Health Index,https://www.ons.gov.uk/peoplepopulationandcommunity/healthandsocialcare/healthandwellbeing/datasets/healthindexscoresengland
UK,E12000009,South West,2017,105.4,Index (England 2015 = 100; higher is better),Office for National Statistics Health Index,https://www.ons.gov.uk/peoplepopulationandcommunity/healthandsocialcare/healthandwellbeing/datasets/healthindexscoresengland
UK,E12000009,South West,2018,105.8,Index (England 2015 = 100; higher is better),Office for National Statistics Health Index,https://www.ons.gov.uk/peoplepopulationandcommunity/healthandsocialcare/healthandwellbeing/datasets/healthindexscoresengland
UK,E12000009,South West,2019,106.3,Index (England 2015 = 100; higher is better),Office for National Statistics Health Index,https://www.ons.gov.uk/peoplepopulationandcommunity/healthandsocialcare/healthandwellbeing/datasets/healthindexscoresengland
UK,E12000009,South West,2020,105.6,Index (England 2015 = 100; higher is better),Office for National Statistics Health Index,https://www.ons.gov.uk/peoplepopulationandcommunity/healthandsocialcare/healthandwellbeing/datasets/healthindexscoresengland
UK,E12000009,South West,2021,105.8,Index (England 2015 = 100; higher is better),Office for National Statistics Health Index,https://www.ons.gov.uk/peoplepopulationandcommunity/healthandsocialcare/healthandwellbeing/datasets/healthindexscoresengland
